Station,DD,MM,YYYY,Rad,Tmin,Tmax,Hum,Wind,Rain,ETref,Wet
'283',01,01,2002,3810.0,-3.2,-0.1,0.523764,4.9,0.000,0.4,0.000
'283',02,01,2002,2050.0,-5.2,0.7,0.519085,3.6,0.000,0.2,0.000
'283',03,01,2002,5140.0,-7.4,0.9,0.414406,4.1,0.000,0.5,0.000
'283',04,01,2002,4760.0,-11.9,-2.1,0.239194,3.1,0.000,0.4,0.000
'283',05,01,2002,4030.0,-11.2,-0.4,0.298887,1.8,0.000,0.4,0.000
'283',06,01,2002,1040.0,-1.8,1.5,0.536545,2.2,0.200,0.1,0.029
'283',07,01,2002,1270.0,0.3,2.2,0.666456,1.0,0.000,0.1,0.000
'283',08,01,2002,1620.0,-2.9,2.4,0.591544,1.7,0.000,0.2,0.000
'283',09,01,2002,4160.0,-4.5,1.9,0.541000,1.0,0.000,0.4,0.000
'283',10,01,2002,3340.0,-4.9,1.4,0.509593,1.9,0.000,0.3,0.000
'283',11,01,2002,540.0,-1.8,2.6,0.603758,3.1,0.400,0.1,0.033
'283',12,01,2002,700.0,1.4,3.6,0.713512,2.9,0.600,0.1,0.096
'283',13,01,2002,4360.0,0.8,8.1,0.698462,2.5,0.000,0.5,0.000
'283',14,01,2002,1310.0,-2.6,2.7,0.568517,2.5,0.000,0.1,0.000
'283',15,01,2002,1770.0,0.6,4.5,0.657971,4.1,1.100,0.2,0.171
'283',16,01,2002,1430.0,0.4,4.8,0.735907,2.7,1.400,0.2,0.196
'283',17,01,2002,1420.0,1.3,4.5,0.715437,4.8,0.600,0.2,0.029
'283',18,01,2002,2200.0,2.9,5.6,0.790038,4.0,1.600,0.3,0.117
'283',19,01,2002,2150.0,3.3,9.2,0.871895,6.0,1.200,0.3,0.096
'283',20,01,2002,900.0,3.5,10.4,0.942028,6.9,4.700,0.1,0.200
'283',21,01,2002,690.0,7.4,11.8,1.120516,6.4,0.600,0.1,0.050
'283',22,01,2002,1260.0,5.4,8.8,0.864484,6.7,0.700,0.2,0.046
'283',23,01,2002,2070.0,5.0,9.3,0.868381,6.3,1.500,0.3,0.138
'283',24,01,2002,1090.0,4.5,10.8,0.920517,8.1,3.800,0.2,0.125
'283',25,01,2002,4190.0,1.0,7.9,0.744698,4.3,2.200,0.5,0.163
'283',26,01,2002,1620.0,7.9,11.2,1.038212,9.8,12.500,0.2,0.388
'283',27,01,2002,2960.0,8.1,12.1,1.120561,5.1,5.500,0.4,0.367
'283',28,01,2002,2750.0,8.8,12.9,1.081458,10.8,2.200,0.4,0.179
'283',29,01,2002,2820.0,7.9,11.8,1.047526,7.7,0.000,0.4,0.000
'283',30,01,2002,3360.0,9.0,12.4,1.079584,4.6,0.000,0.5,0.000
'283',31,01,2002,3400.0,6.1,11.3,0.888439,6.8,1.800,0.5,0.079
'283',01,02,2002,2720.0,7.8,12.2,0.996598,6.6,0.000,0.4,0.000
'283',02,02,2002,6630.0,9.0,15.6,0.803218,5.3,0.000,1.0,0.000
'283',03,02,2002,5480.0,6.5,14.0,0.706691,4.9,0.100,0.8,0.012
'283',04,02,2002,3090.0,6.3,13.1,0.773104,8.0,3.200,0.4,0.217
'283',05,02,2002,1180.0,8.4,12.9,1.078032,6.0,27.900,0.2,0.475
'283',06,02,2002,2870.0,5.8,9.1,0.865785,5.3,1.600,0.4,0.062
'283',07,02,2002,3680.0,4.1,7.7,0.700245,5.2,1.100,0.5,0.092
'283',08,02,2002,4120.0,5.2,11.8,1.003446,6.0,0.600,0.6,0.050
'283',09,02,2002,2170.0,7.0,12.4,1.022451,7.7,2.100,0.3,0.067
'283',10,02,2002,2230.0,4.9,8.8,0.850195,6.2,6.200,0.3,0.179
'283',11,02,2002,800.0,8.7,12.1,1.106170,9.8,15.300,0.1,0.650
'283',12,02,2002,4310.0,9.2,12.6,1.067831,8.2,2.800,0.7,0.054
'283',13,02,2002,5790.0,2.9,10.1,0.809954,2.8,1.300,0.8,0.050
'283',14,02,2002,9110.0,-1.2,4.9,0.508567,5.0,0.000,1.0,0.000
'283',15,02,2002,9140.0,-2.6,5.9,0.438584,3.9,0.000,1.0,0.000
'283',16,02,2002,9500.0,-3.0,8.7,0.447518,3.2,0.000,1.1,0.000
'283',17,02,2002,7690.0,-4.0,5.5,0.520600,2.1,0.000,0.8,0.000
'283',18,02,2002,4460.0,-0.2,8.0,0.650676,4.0,0.900,0.5,0.062
'283',19,02,2002,4940.0,2.3,8.3,0.725655,6.8,6.700,0.6,0.267
'283',20,02,2002,6990.0,2.3,10.2,0.718418,6.0,15.100,0.9,0.321
'283',21,02,2002,9240.0,0.2,5.7,0.426218,5.1,0.000,1.1,0.000
'283',22,02,2002,1140.0,1.3,9.4,0.719770,7.8,9.000,0.1,0.396
'283',23,02,2002,5230.0,0.9,6.6,0.634561,7.3,5.500,0.6,0.225
'283',24,02,2002,8310.0,0.4,6.5,0.592223,5.0,3.200,1.0,0.250
'283',25,02,2002,2040.0,2.0,9.9,0.906853,3.6,5.700,0.3,0.542
'283',26,02,2002,4260.0,7.0,12.8,0.961336,10.6,9.400,0.6,0.396
'283',27,02,2002,8730.0,3.5,8.9,0.661175,8.6,4.100,1.1,0.167
'283',28,02,2002,5320.0,2.5,7.1,0.707367,6.8,1.100,0.7,0.033
'283',01,03,2002,7350.0,-2.4,8.5,0.579144,4.0,2.100,0.9,0.088
'283',02,03,2002,12940.0,-4.8,6.4,0.466951,2.5,0.000,1.4,0.000
'283',03,03,2002,9310.0,-2.0,8.2,0.620096,3.8,0.000,1.1,0.000
'283',04,03,2002,3240.0,2.9,9.4,0.844731,3.0,0.000,0.4,0.000
'283',05,03,2002,3560.0,2.9,8.7,0.745517,2.0,0.000,0.5,0.000
'283',06,03,2002,2250.0,4.2,10.3,0.905447,7.2,0.700,0.3,0.062
'283',07,03,2002,8120.0,3.3,11.6,0.720102,7.9,1.300,1.1,0.042
'283',08,03,2002,11890.0,1.4,12.0,0.720788,3.7,0.000,1.6,0.000
'283',09,03,2002,6320.0,2.8,11.3,0.745392,6.5,3.800,0.9,0.092
'283',10,03,2002,13690.0,2.1,10.8,0.639476,5.3,0.000,1.8,0.000
'283',11,03,2002,12870.0,2.4,14.0,0.647929,3.3,0.000,1.8,0.000
'283',12,03,2002,2330.0,3.3,9.7,0.856813,1.5,5.700,0.3,0.342
'283',13,03,2002,1800.0,-0.3,7.6,0.731255,4.1,2.000,0.2,0.258
'283',14,03,2002,9420.0,-2.3,6.1,0.572893,5.8,0.700,1.1,0.058
'283',15,03,2002,6480.0,0.5,6.6,0.684148,6.4,1.900,0.8,0.112
'283',16,03,2002,12510.0,3.0,16.1,0.890620,2.7,0.000,1.8,0.000
'283',17,03,2002,8460.0,5.3,16.3,1.006574,2.9,1.100,1.3,0.054
'283',18,03,2002,5540.0,7.1,13.9,1.005433,5.0,5.100,0.8,0.167
'283',19,03,2002,8470.0,7.2,12.5,0.906404,6.2,1.600,1.2,0.067
'283',20,03,2002,7920.0,7.2,13.7,1.041326,4.3,5.400,1.2,0.250
'283',21,03,2002,8840.0,7.2,15.3,1.048955,3.9,1.400,1.3,0.117
'283',22,03,2002,7590.0,2.1,9.4,0.685525,3.8,2.800,1.0,0.108
'283',23,03,2002,13650.0,0.4,9.9,0.658514,3.6,0.000,1.7,0.000
'283',24,03,2002,12780.0,-2.1,8.0,0.557028,2.2,0.000,1.5,0.000
'283',25,03,2002,17740.0,-3.1,7.6,0.486955,2.0,0.000,2.0,0.000
'283',26,03,2002,15600.0,-4.4,8.6,0.466364,1.9,0.000,1.8,0.000
'283',27,03,2002,17850.0,-2.1,9.2,0.465699,3.2,0.000,2.2,0.000
'283',28,03,2002,18670.0,-4.0,13.5,0.466563,2.5,0.000,2.4,0.000
'283',29,03,2002,18270.0,-1.1,17.4,0.563149,3.3,0.000,2.5,0.000
'283',30,03,2002,9880.0,-0.9,15.1,0.677874,1.4,0.000,1.4,0.000
'283',31,03,2002,12770.0,5.7,16.3,0.875603,2.5,0.000,1.9,0.000
'283',01,04,2002,15750.0,5.7,17.6,0.908912,1.8,0.000,2.4,0.000
'283',02,04,2002,17550.0,5.5,20.7,0.748763,4.1,0.000,2.8,0.000
'283',03,04,2002,18770.0,8.0,18.8,0.711961,6.6,0.000,3.0,0.000
'283',04,04,2002,16890.0,5.3,16.4,0.671454,5.7,0.000,2.5,0.000
'283',05,04,2002,19370.0,2.3,13.2,0.511433,6.3,0.000,2.6,0.000
'283',06,04,2002,20350.0,-1.9,9.8,0.457508,4.5,0.000,2.5,0.000
'283',07,04,2002,19900.0,-3.5,12.7,0.542147,2.3,0.000,2.6,0.000
'283',08,04,2002,20060.0,-1.9,12.8,0.503453,3.4,0.000,2.6,0.000
'283',09,04,2002,14120.0,-2.7,12.0,0.484790,2.5,0.000,1.9,0.000
'283',10,04,2002,14710.0,1.2,10.6,0.527448,5.3,0.000,1.9,0.000
'283',11,04,2002,15530.0,1.8,12.9,0.670627,3.9,0.000,2.1,0.000
'283',12,04,2002,15810.0,1.1,14.1,0.719755,5.0,0.000,2.2,0.000
'283',13,04,2002,5410.0,3.5,9.5,0.747147,4.5,0.000,0.7,0.000
'283',14,04,2002,7270.0,1.6,9.9,0.746522,2.0,0.300,1.0,0.033
'283',15,04,2002,2160.0,5.7,7.1,0.918311,3.1,9.900,0.3,0.763
'283',16,04,2002,2540.0,6.1,8.4,0.951930,2.4,0.800,0.3,0.108
'283',17,04,2002,10860.0,6.7,11.8,0.925839,2.0,0.000,1.5,0.000
'283',18,04,2002,10680.0,2.9,13.8,0.928860,2.3,4.900,1.5,0.171
'283',19,04,2002,15630.0,2.9,13.9,0.801271,1.8,2.100,2.2,0.037
'283',20,04,2002,9160.0,0.4,12.9,0.799158,1.3,0.000,1.2,0.000
'283',21,04,2002,21120.0,1.0,17.9,0.796812,1.1,0.000,3.1,0.000
'283',22,04,2002,14680.0,3.1,19.3,0.866498,1.9,0.000,2.3,0.000
'283',23,04,2002,16590.0,9.5,18.0,1.196370,3.5,0.000,2.6,0.000
'283',24,04,2002,15610.0,8.5,19.3,1.176449,2.4,0.000,2.5,0.000
'283',25,04,2002,18190.0,4.7,18.3,1.123151,2.8,0.000,2.8,0.000
'283',26,04,2002,7420.0,4.5,12.8,0.930142,4.3,4.200,1.0,0.238
'283',27,04,2002,16240.0,4.6,11.3,0.814474,5.4,7.700,2.3,0.133
'283',28,04,2002,6940.0,6.9,12.6,1.043966,5.4,5.900,1.0,0.296
'283',29,04,2002,15310.0,7.1,13.1,0.873519,7.7,4.400,2.2,0.100
'283',30,04,2002,9290.0,6.3,15.0,0.989651,5.0,1.900,1.4,0.021
'283',01,05,2002,17810.0,6.5,15.2,0.978018,4.5,4.500,2.7,0.142
'283',02,05,2002,11750.0,6.8,15.4,1.059365,2.8,2.100,1.8,0.088
'283',03,05,2002,6540.0,7.3,11.9,1.005018,3.6,0.000,0.9,0.000
'283',04,05,2002,3800.0,6.0,10.0,0.966061,5.2,7.000,0.5,0.317
'283',05,05,2002,4150.0,5.9,11.6,1.051436,3.8,14.700,0.6,0.408
'283',06,05,2002,9550.0,2.7,12.6,0.870425,2.1,0.500,1.4,0.083
'283',07,05,2002,23830.0,4.7,17.8,1.024097,2.2,0.000,3.6,0.000
'283',08,05,2002,13700.0,9.5,16.6,1.312668,3.8,0.000,2.1,0.000
'283',09,05,2002,18260.0,10.8,23.0,1.469989,3.0,0.000,3.1,0.000
'283',10,05,2002,6380.0,8.5,17.8,1.420244,2.0,3.100,1.0,0.071
'283',11,05,2002,7690.0,12.2,15.8,1.450352,2.2,0.000,1.2,0.000
'283',12,05,2002,5960.0,10.0,14.2,1.275740,1.7,0.000,0.9,0.000
'283',13,05,2002,22210.0,6.1,22.0,1.135588,2.9,0.000,3.7,0.000
'283',14,05,2002,14020.0,9.2,17.7,1.183406,5.3,10.400,2.2,0.108
'283',15,05,2002,19720.0,8.3,19.6,1.135942,3.2,0.000,3.1,0.000
'283',16,05,2002,25580.0,7.0,23.8,1.124792,1.8,0.000,4.4,0.000
'283',17,05,2002,25300.0,7.6,23.0,1.147239,3.0,0.000,4.3,0.000
'283',18,05,2002,10080.0,10.3,20.1,1.422561,2.7,1.400,1.6,0.062
'283',19,05,2002,15750.0,9.6,20.0,1.269315,2.4,0.000,2.6,0.000
'283',20,05,2002,22350.0,8.6,23.0,1.193698,2.5,0.000,3.8,0.000
'283',21,05,2002,25690.0,11.9,25.1,1.231510,4.3,0.000,4.6,0.000
'283',22,05,2002,10260.0,14.6,21.1,1.498373,3.3,1.700,1.8,0.133
'283',23,05,2002,13570.0,12.0,18.8,1.346632,2.1,0.000,2.2,0.000
'283',24,05,2002,15170.0,7.5,18.4,1.047723,4.1,1.800,2.4,0.142
'283',25,05,2002,13820.0,8.3,16.7,1.074006,3.5,2.100,2.1,0.071
'283',26,05,2002,16610.0,8.3,18.6,1.120387,3.5,2.200,2.6,0.042
'283',27,05,2002,25310.0,8.1,19.6,1.026272,2.3,0.000,4.2,0.000
'283',28,05,2002,16330.0,11.7,20.4,1.200886,2.2,0.300,2.7,0.092
'283',29,05,2002,14310.0,7.8,18.0,1.064971,4.1,1.100,2.2,0.062
'283',30,05,2002,20850.0,7.8,19.7,1.016477,3.0,0.000,3.3,0.000
'283',31,05,2002,20660.0,5.4,19.1,0.903541,3.6,0.000,3.2,0.000
'283',01,06,2002,28650.0,2.9,19.2,0.902669,2.0,0.000,4.5,0.000
'283',02,06,2002,28280.0,8.5,23.6,1.016146,4.2,0.000,4.9,0.000
'283',03,06,2002,20700.0,13.0,26.5,1.324794,3.4,0.100,3.7,0.012
'283',04,06,2002,26500.0,12.1,25.5,1.283138,2.3,0.100,4.8,0.008
'283',05,06,2002,11210.0,14.9,24.7,1.636502,3.8,3.000,2.0,0.083
'283',06,06,2002,14140.0,14.5,21.6,1.600689,1.9,0.800,2.4,0.096
'283',07,06,2002,13270.0,13.4,20.7,1.478109,3.0,0.000,2.3,0.000
'283',08,06,2002,16220.0,10.2,21.0,1.200472,1.3,0.000,2.8,0.000
'283',09,06,2002,24080.0,13.8,23.8,1.308674,2.4,0.900,4.3,0.012
'283',10,06,2002,12450.0,11.0,18.1,1.315514,3.8,4.700,2.0,0.188
'283',11,06,2002,18460.0,9.7,18.1,1.276191,3.0,1.900,2.9,0.058
'283',12,06,2002,12490.0,10.9,19.9,1.457412,3.8,10.700,2.1,0.283
'283',13,06,2002,6300.0,12.0,16.8,1.362669,3.6,0.300,1.0,0.029
'283',14,06,2002,17240.0,13.8,23.1,1.710540,3.0,7.100,3.0,0.067
'283',15,06,2002,22580.0,15.3,21.1,1.542799,4.4,2.800,4.0,0.108
'283',16,06,2002,15030.0,13.0,23.3,1.742010,2.3,1.100,2.6,0.062
'283',17,06,2002,27950.0,14.5,31.6,1.776995,1.8,0.000,5.4,0.000
'283',18,06,2002,23000.0,14.6,33.5,2.057722,4.1,0.000,4.5,0.000
'283',19,06,2002,20880.0,11.1,24.1,1.391379,1.3,0.000,3.7,0.000
'283',20,06,2002,7390.0,13.6,19.3,1.624199,3.3,6.600,1.3,0.142
'283',21,06,2002,17810.0,10.4,20.7,1.264220,1.9,0.000,3.0,0.000
'283',22,06,2002,19060.0,9.6,23.8,1.416856,3.1,1.600,3.4,0.054
'283',23,06,2002,23130.0,10.4,20.5,1.256552,3.4,0.600,3.9,0.075
'283',24,06,2002,26310.0,8.0,20.8,1.085315,2.8,0.000,4.3,0.000
'283',25,06,2002,22240.0,6.5,22.1,1.126031,2.4,0.000,3.7,0.000
'283',26,06,2002,24850.0,8.1,23.1,1.235866,2.0,0.000,4.3,0.000
'283',27,06,2002,21400.0,8.2,19.7,1.074038,4.0,0.200,3.5,0.017
'283',28,06,2002,16200.0,8.4,16.4,1.152294,4.7,6.400,2.5,0.225
'283',29,06,2002,19990.0,7.7,18.7,1.017104,3.0,0.000,3.2,0.000
'283',30,06,2002,13980.0,10.8,19.2,1.273642,4.5,0.000,2.3,0.000
'283',01,07,2002,4630.0,12.5,15.4,1.328668,4.9,12.200,0.7,0.521
'283',02,07,2002,14420.0,11.8,17.8,1.319509,4.8,4.700,2.3,0.067
'283',03,07,2002,5240.0,12.1,17.1,1.509142,4.6,17.900,0.8,0.683
'283',04,07,2002,19640.0,12.3,20.2,1.366054,4.5,0.800,3.3,0.096
'283',05,07,2002,19150.0,11.5,22.0,1.331990,2.5,0.200,3.3,0.046
'283',06,07,2002,12500.0,12.4,21.2,1.534632,2.5,0.000,2.1,0.000
'283',07,07,2002,12310.0,12.1,19.9,1.416753,2.4,0.000,2.1,0.000
'283',08,07,2002,26640.0,12.9,25.3,1.577504,3.0,0.000,4.8,0.000
'283',09,07,2002,16460.0,13.0,27.6,1.679053,1.8,0.000,3.0,0.000
'283',10,07,2002,4750.0,11.7,17.3,1.449979,2.2,13.700,0.8,0.254
'283',11,07,2002,19480.0,9.6,21.1,1.267924,2.8,16.600,3.2,0.092
'283',12,07,2002,22780.0,7.6,22.3,1.192917,1.7,0.000,3.9,0.000
'283',13,07,2002,13080.0,14.6,21.6,1.791082,2.4,3.600,2.3,0.142
'283',14,07,2002,12000.0,16.0,23.3,1.911765,3.0,0.000,2.1,0.000
'283',15,07,2002,22750.0,15.3,25.0,1.610616,3.3,0.000,4.2,0.000
'283',16,07,2002,11850.0,12.3,23.0,1.529496,3.6,0.000,2.1,0.000
'283',17,07,2002,10430.0,14.0,21.2,1.624554,4.6,0.000,1.8,0.000
'283',18,07,2002,18230.0,11.5,20.1,1.331419,5.4,0.000,3.0,0.000
'283',19,07,2002,9160.0,12.4,16.8,1.394284,2.6,0.000,1.5,0.000
'283',20,07,2002,20540.0,13.5,22.3,1.389024,1.7,11.700,3.5,0.167
'283',21,07,2002,14260.0,12.7,18.5,1.471662,3.9,2.000,2.4,0.100
'283',22,07,2002,12600.0,12.3,20.2,1.283196,3.4,0.000,2.1,0.000
'283',23,07,2002,11120.0,14.6,20.4,1.660574,4.1,3.000,1.9,0.154
'283',24,07,2002,16690.0,14.0,20.1,1.508461,4.1,1.000,2.9,0.062
'283',25,07,2002,13830.0,10.8,19.7,1.379194,2.3,0.900,2.3,0.046
'283',26,07,2002,13510.0,12.5,24.5,1.579273,3.0,3.400,2.4,0.200
'283',27,07,2002,23740.0,12.0,27.6,1.709784,1.7,0.000,4.4,0.000
'283',28,07,2002,25110.0,15.1,29.9,1.789521,1.9,0.000,4.8,0.000
'283',29,07,2002,24670.0,15.4,31.0,1.743369,1.6,0.000,4.8,0.000
'283',30,07,2002,21400.0,16.6,33.4,1.968165,2.2,0.000,4.2,0.000
'283',31,07,2002,16530.0,17.0,28.5,2.107133,1.5,50.200,3.0,0.208
'283',01,08,2002,3740.0,13.4,20.2,1.838181,2.6,9.500,0.6,0.158
'283',02,08,2002,20640.0,12.0,24.8,1.429874,1.4,0.000,3.7,0.000
'283',03,08,2002,8690.0,12.6,19.4,1.672377,2.2,1.900,1.5,0.108
'283',04,08,2002,21760.0,13.6,23.6,1.557517,1.6,0.000,3.8,0.000
'283',05,08,2002,8510.0,14.5,20.6,1.722931,1.5,8.000,1.5,0.146
'283',06,08,2002,13450.0,12.6,21.6,1.605077,1.8,3.900,2.3,0.150
'283',07,08,2002,18560.0,11.9,24.5,1.565979,0.9,0.100,3.2,0.004
'283',08,08,2002,11870.0,14.2,22.6,1.824342,1.5,0.000,2.1,0.000
'283',09,08,2002,17510.0,12.0,24.7,1.643310,1.5,0.300,3.1,0.017
'283',10,08,2002,5930.0,14.9,18.0,1.788162,1.7,4.900,1.0,0.250
'283',11,08,2002,9850.0,14.1,21.8,1.854267,2.6,0.000,1.7,0.000
'283',12,08,2002,15160.0,12.8,22.5,1.589158,3.9,0.000,2.6,0.000
'283',13,08,2002,19030.0,12.5,23.3,1.618652,2.8,0.000,3.3,0.000
'283',14,08,2002,15460.0,11.1,24.9,1.621165,1.4,0.000,2.7,0.000
'283',15,08,2002,21320.0,12.6,27.5,1.665688,1.7,0.000,3.9,0.000
'283',16,08,2002,22450.0,13.0,27.8,1.675430,2.0,0.000,4.2,0.000
'283',17,08,2002,21990.0,14.0,28.6,1.647157,2.5,0.000,4.1,0.000
'283',18,08,2002,20250.0,15.3,29.1,1.882021,3.0,0.000,3.8,0.000
'283',19,08,2002,8690.0,15.8,26.2,2.001155,2.2,0.000,1.6,0.000
'283',20,08,2002,16620.0,13.9,29.0,1.887750,2.0,21.300,3.1,0.183
'283',21,08,2002,2930.0,16.6,18.6,1.973289,2.5,8.200,0.5,0.371
'283',22,08,2002,6020.0,15.1,19.0,1.783489,2.1,0.000,1.0,0.000
'283',23,08,2002,12630.0,14.3,21.2,1.771732,1.8,0.000,2.2,0.000
'283',24,08,2002,4520.0,14.2,19.3,1.850805,1.9,3.600,0.8,0.200
'283',25,08,2002,9380.0,14.6,21.4,1.748519,1.9,0.100,1.6,0.008
'283',26,08,2002,17770.0,13.3,24.0,1.852839,2.9,0.000,3.2,0.000
'283',27,08,2002,14470.0,16.6,26.2,2.203089,2.8,0.000,2.7,0.000
'283',28,08,2002,16140.0,15.3,25.0,2.025521,3.4,0.000,3.0,0.000
'283',29,08,2002,13500.0,13.0,23.8,1.692336,1.2,0.000,2.4,0.000
'283',30,08,2002,17600.0,10.9,23.6,1.584174,1.9,0.000,3.0,0.000
'283',31,08,2002,8220.0,9.9,20.7,1.494944,3.3,0.000,1.4,0.000
'283',01,09,2002,17370.0,8.4,20.7,1.161560,2.3,0.000,2.8,0.000
'283',02,09,2002,18640.0,9.8,22.5,1.335652,2.8,0.000,3.2,0.000
'283',03,09,2002,16780.0,8.5,22.9,1.177687,3.7,2.900,2.8,0.033
'283',04,09,2002,16560.0,7.7,22.4,1.405975,1.7,0.000,2.8,0.000
'283',05,09,2002,13680.0,12.1,22.5,1.373689,1.3,0.000,2.4,0.000
'283',06,09,2002,12920.0,12.3,21.1,1.557119,3.3,0.000,2.2,0.000
'283',07,09,2002,11980.0,12.9,22.0,1.483440,3.3,0.000,2.1,0.000
'283',08,09,2002,15330.0,12.7,24.8,1.458129,2.5,0.000,2.7,0.000
'283',09,09,2002,13610.0,13.3,27.5,1.747315,2.8,12.800,2.4,0.046
'283',10,09,2002,2970.0,13.4,16.3,1.510076,1.7,8.100,0.5,0.592
'283',11,09,2002,5030.0,13.0,17.0,1.620864,2.4,1.600,0.8,0.146
'283',12,09,2002,17560.0,9.3,21.5,1.367916,3.0,0.000,2.9,0.000
'283',13,09,2002,16990.0,7.8,21.5,1.285626,2.1,0.000,2.8,0.000
'283',14,09,2002,6550.0,10.6,19.3,1.478680,2.8,0.300,1.1,0.017
'283',15,09,2002,12500.0,7.0,19.3,1.139004,2.1,0.000,2.0,0.000
'283',16,09,2002,9050.0,5.6,19.5,1.214169,1.8,0.000,1.4,0.000
'283',17,09,2002,8870.0,7.7,19.0,1.294611,2.0,0.000,1.4,0.000
'283',18,09,2002,4830.0,7.2,16.1,1.203225,0.9,0.000,0.8,0.000
'283',19,09,2002,4920.0,12.3,16.8,1.394499,1.4,0.000,0.8,0.000
'283',20,09,2002,8130.0,10.6,17.8,1.346079,1.9,0.000,1.3,0.000
'283',21,09,2002,6260.0,10.4,17.7,1.369896,1.5,0.100,1.0,0.012
'283',22,09,2002,9960.0,7.9,15.6,1.209769,3.0,4.700,1.5,0.096
'283',23,09,2002,13640.0,6.4,15.4,0.992035,4.8,0.000,2.0,0.000
'283',24,09,2002,15280.0,4.0,15.3,0.859217,3.4,0.200,2.2,0.004
'283',25,09,2002,6930.0,6.4,16.9,1.202718,2.4,7.800,1.1,0.188
'283',26,09,2002,5010.0,7.9,14.3,1.241790,2.1,2.000,0.8,0.067
'283',27,09,2002,10830.0,7.9,16.0,1.078228,1.5,0.000,1.7,0.000
'283',28,09,2002,6060.0,5.9,16.4,1.229087,1.5,0.000,0.9,0.000
'283',29,09,2002,12410.0,5.8,18.2,1.046345,1.0,0.000,1.9,0.000
'283',30,09,2002,13610.0,4.4,19.0,1.000531,1.8,0.000,2.0,0.000
'283',01,10,2002,11660.0,4.8,20.1,1.112414,1.3,0.000,1.8,0.000
'283',02,10,2002,7840.0,5.2,17.7,1.222052,1.3,0.000,1.2,0.000
'283',03,10,2002,3100.0,10.4,17.9,1.543350,3.0,10.000,0.5,0.229
'283',04,10,2002,11630.0,6.3,18.0,1.137831,2.7,0.000,1.8,0.000
'283',05,10,2002,1450.0,7.7,13.9,1.274691,3.7,15.500,0.2,0.462
'283',06,10,2002,5870.0,2.3,13.1,0.865513,4.0,1.100,0.9,0.071
'283',07,10,2002,5230.0,1.6,12.6,0.992115,2.5,2.300,0.7,0.058
'283',08,10,2002,12540.0,0.5,10.1,0.684391,3.2,0.000,1.6,0.000
'283',09,10,2002,11600.0,3.0,13.3,0.879261,5.6,0.000,1.6,0.000
'283',10,10,2002,11130.0,4.8,12.2,0.860380,5.6,0.000,1.5,0.000
'283',11,10,2002,11490.0,1.9,10.5,0.622851,5.1,0.000,1.5,0.000
'283',12,10,2002,3890.0,2.6,7.2,0.697592,4.0,0.000,0.5,0.000
'283',13,10,2002,2370.0,5.1,7.4,0.851241,3.3,0.000,0.3,0.000
'283',14,10,2002,2270.0,6.0,12.0,1.087020,3.9,11.600,0.3,0.454
'283',15,10,2002,2270.0,5.5,13.0,1.155567,2.8,0.200,0.3,0.021
'283',16,10,2002,5310.0,10.4,14.9,1.278836,4.6,3.100,0.8,0.150
'283',17,10,2002,6750.0,4.3,12.5,0.910157,4.4,0.000,1.0,0.000
'283',18,10,2002,5920.0,3.5,10.1,0.899389,3.7,1.900,0.8,0.054
'283',19,10,2002,6410.0,1.2,9.4,0.799009,3.2,0.000,0.8,0.000
'283',20,10,2002,6740.0,3.7,10.7,0.856773,2.1,1.400,0.9,0.112
'283',21,10,2002,1050.0,5.7,13.5,1.138818,3.2,5.600,0.2,0.329
'283',22,10,2002,3940.0,11.1,16.2,1.415807,4.1,3.000,0.6,0.100
'283',23,10,2002,3800.0,5.1,14.0,0.978343,5.3,4.700,0.6,0.121
'283',24,10,2002,6910.0,4.9,10.6,0.811831,4.2,0.200,0.9,0.012
'283',25,10,2002,2170.0,7.8,14.0,1.181960,6.0,7.700,0.3,0.288
'283',26,10,2002,7700.0,7.6,13.6,0.960388,7.8,4.400,1.1,0.096
'283',27,10,2002,3600.0,8.4,16.4,1.103545,10.2,14.900,0.5,0.471
'283',28,10,2002,6850.0,6.1,11.9,0.879007,4.6,2.600,1.0,0.088
'283',29,10,2002,2700.0,5.9,9.7,0.933169,2.5,0.500,0.4,0.046
'283',30,10,2002,6750.0,4.3,11.9,0.916900,1.7,1.100,0.9,0.108
'283',31,10,2002,7110.0,0.2,11.4,0.815384,1.4,0.000,0.9,0.000
'283',01,11,2002,1780.0,0.4,12.3,0.993918,2.5,4.200,0.2,0.104
'283',02,11,2002,5330.0,9.2,15.5,1.277436,3.4,1.900,0.8,0.054
'283',03,11,2002,3010.0,5.9,14.1,1.140111,4.0,11.300,0.4,0.392
'283',04,11,2002,3770.0,5.6,11.2,1.046733,2.1,0.000,0.5,0.000
'283',05,11,2002,2840.0,2.1,7.1,0.795654,1.9,0.000,0.4,0.000
'283',06,11,2002,4810.0,2.1,10.1,0.856021,3.8,0.000,0.6,0.000
'283',07,11,2002,2050.0,2.5,9.1,0.851099,3.2,10.500,0.3,0.354
'283',08,11,2002,3080.0,2.4,9.7,0.886569,5.5,14.800,0.4,0.354
'283',09,11,2002,5270.0,0.4,10.5,0.793754,4.4,1.900,0.7,0.058
'283',10,11,2002,3690.0,-2.0,8.1,0.722746,2.7,3.200,0.5,0.279
'283',11,11,2002,4730.0,5.8,12.1,1.068211,3.7,2.400,0.7,0.083
'283',12,11,2002,3570.0,7.9,12.0,1.058432,5.1,0.900,0.5,0.096
'283',13,11,2002,2180.0,6.8,11.9,1.055480,4.4,3.000,0.3,0.179
'283',14,11,2002,2340.0,6.4,12.6,1.011230,4.2,4.200,0.3,0.071
'283',15,11,2002,2160.0,3.6,9.2,0.913154,2.0,0.000,0.3,0.000
'283',16,11,2002,1380.0,4.8,8.9,0.994566,3.0,5.100,0.2,0.329
'283',17,11,2002,1950.0,5.6,10.6,1.068307,3.2,0.800,0.3,0.104
'283',18,11,2002,1080.0,6.8,8.6,1.036032,2.0,0.100,0.1,0.004
'283',19,11,2002,3960.0,1.8,9.1,0.821697,2.5,0.000,0.5,0.000
'283',20,11,2002,4060.0,1.3,8.1,0.796618,3.5,0.000,0.5,0.000
'283',21,11,2002,1530.0,4.7,11.1,0.949486,3.9,0.000,0.2,0.000
'283',22,11,2002,1580.0,4.7,9.9,0.926591,2.3,0.000,0.2,0.000
'283',23,11,2002,4600.0,3.6,11.0,0.888859,3.0,1.300,0.6,0.033
'283',24,11,2002,3940.0,2.2,10.6,0.888362,2.2,0.000,0.5,0.000
'283',25,11,2002,930.0,4.8,9.1,0.950231,2.8,5.900,0.1,0.242
'283',26,11,2002,2150.0,2.4,9.7,0.940726,2.8,0.300,0.3,0.029
'283',27,11,2002,4180.0,0.8,9.4,0.795427,3.3,0.000,0.5,0.000
'283',28,11,2002,2980.0,4.8,11.0,0.981444,2.4,1.300,0.4,0.112
'283',29,11,2002,1730.0,4.6,10.3,0.981652,1.2,0.700,0.2,0.021
'283',30,11,2002,1340.0,3.6,7.7,0.915591,1.3,0.000,0.2,0.000
'283',01,12,2002,3070.0,5.7,8.8,0.916652,4.5,3.900,0.4,0.171
'283',02,12,2002,940.0,4.9,7.4,0.892159,4.0,0.600,0.1,0.075
'283',03,12,2002,1570.0,2.6,8.4,0.877170,2.2,0.000,0.2,0.000
'283',04,12,2002,2940.0,-0.2,7.8,0.766610,1.9,0.000,0.4,0.000
'283',05,12,2002,1270.0,2.7,6.3,0.810058,3.4,0.000,0.2,0.000
'283',06,12,2002,650.0,0.2,3.4,0.625689,5.0,0.000,0.1,0.000
'283',07,12,2002,810.0,-2.8,0.8,0.495736,5.9,0.600,0.1,0.017
'283',08,12,2002,3230.0,-5.0,0.2,0.357614,6.5,0.000,0.3,0.000
'283',09,12,2002,3690.0,-8.2,-3.9,0.285364,5.9,0.000,0.3,0.000
'283',10,12,2002,3830.0,-9.2,-2.9,0.260444,5.1,0.000,0.3,0.000
'283',11,12,2002,3560.0,-9.1,-2.1,0.238965,5.0,0.000,0.3,0.000
'283',12,12,2002,1710.0,-7.5,-1.7,0.300042,3.0,0.000,0.2,0.000
'283',13,12,2002,1730.0,-6.3,-0.6,0.377256,2.0,0.000,0.2,0.000
'283',14,12,2002,710.0,-1.8,1.1,0.524822,3.5,0.000,0.1,0.000
'283',15,12,2002,1040.0,0.3,2.6,0.626838,5.3,1.800,0.1,0.158
'283',16,12,2002,170.0,0.2,6.1,0.761843,4.0,5.200,0.0,0.408
'283',17,12,2002,490.0,-1.2,1.0,0.588389,3.2,0.000,0.1,0.000
'283',18,12,2002,1650.0,-6.1,1.0,0.502287,1.2,0.000,0.2,0.000
'283',19,12,2002,1080.0,-3.6,0.8,0.554472,2.2,0.000,0.1,0.000
'283',20,12,2002,1820.0,-5.9,0.9,0.509576,1.4,0.000,0.2,0.000
'283',21,12,2002,810.0,-0.5,1.6,0.633883,1.5,0.000,0.1,0.000
'283',22,12,2002,230.0,-0.4,6.6,0.779086,4.0,19.000,0.0,0.562
'283',23,12,2002,760.0,1.0,4.2,0.736621,3.4,0.000,0.1,0.000
'283',24,12,2002,1990.0,3.7,11.6,1.046972,3.5,3.200,0.3,0.183
'283',25,12,2002,1190.0,9.1,11.4,1.224973,2.7,0.100,0.2,0.012
'283',26,12,2002,560.0,7.7,10.3,1.101842,4.5,7.200,0.1,0.179
'283',27,12,2002,560.0,8.4,11.3,1.187257,4.0,5.400,0.1,0.433
'283',28,12,2002,1270.0,7.3,10.9,1.111189,4.5,1.200,0.2,0.067
'283',29,12,2002,590.0,6.3,7.9,0.983460,3.7,11.500,0.1,0.492
'283',30,12,2002,400.0,1.0,10.2,0.925723,3.8,27.300,0.0,0.588
'283',31,12,2002,2560.0,-3.7,1.1,0.477683,5.6,0.000,0.3,0.000
'283',01,01,2003,650.0,-2.8,10.7,0.808235,4.4,9.700,0.1,0.363
'283',02,01,2003,350.0,6.6,10.5,1.109497,4.7,21.100,0.0,0.525
'283',03,01,2003,960.0,0.4,7.9,0.804529,3.4,2.200,0.1,0.112
'283',04,01,2003,2290.0,-4.1,0.5,0.437236,5.1,0.000,0.2,0.000
'283',05,01,2003,1140.0,-6.8,-0.8,0.435153,3.1,0.900,0.1,0.054
'283',06,01,2003,3200.0,-4.7,-0.7,0.433076,4.1,1.200,0.3,0.067
'283',07,01,2003,2780.0,-10.2,-4.5,0.298396,2.7,0.000,0.2,0.000
'283',08,01,2003,2190.0,-9.6,-5.5,0.253973,3.5,0.000,0.2,0.000
'283',09,01,2003,4510.0,-14.3,-6.2,0.196402,2.8,0.000,0.3,0.000
'283',10,01,2003,2670.0,-14.3,-1.8,0.278816,2.3,0.000,0.2,0.000
'283',11,01,2003,3900.0,-7.9,1.1,0.366680,1.6,0.000,0.4,0.000
'283',12,01,2003,2480.0,-5.0,1.4,0.473412,4.3,0.000,0.3,0.000
'283',13,01,2003,420.0,-0.2,6.9,0.758683,6.0,4.700,0.1,0.371
'283',14,01,2003,850.0,5.8,8.0,0.933138,6.9,0.000,0.1,0.000
'283',15,01,2003,1330.0,4.1,6.3,0.774327,6.6,1.400,0.2,0.067
'283',16,01,2003,3720.0,3.1,7.2,0.825936,5.5,0.000,0.5,0.000
'283',17,01,2003,2650.0,0.7,4.7,0.660843,5.0,0.000,0.3,0.000
'283',18,01,2003,800.0,1.6,4.7,0.708415,4.0,0.000,0.1,0.000
'283',19,01,2003,2330.0,0.7,6.9,0.650284,5.0,0.600,0.3,0.062
'283',20,01,2003,2070.0,5.9,9.1,0.910362,6.2,2.500,0.3,0.263
'283',21,01,2003,2330.0,5.2,9.2,0.900062,4.4,0.800,0.3,0.071
'283',22,01,2003,2310.0,5.5,8.8,0.893417,4.5,2.800,0.3,0.208
'283',23,01,2003,640.0,1.5,7.2,0.750023,5.3,0.800,0.1,0.054
'283',24,01,2003,4980.0,-1.6,6.0,0.594674,2.1,0.000,0.6,0.000
'283',25,01,2003,4100.0,-0.4,5.6,0.662016,4.5,3.100,0.5,0.129
'283',26,01,2003,2110.0,1.1,7.6,0.842239,4.2,3.600,0.3,0.367
'283',27,01,2003,1040.0,7.5,10.0,1.083253,4.6,0.700,0.1,0.125
'283',28,01,2003,1440.0,1.6,8.8,0.740313,7.2,13.000,0.2,0.271
'283',29,01,2003,2180.0,0.8,4.8,0.690298,4.2,11.300,0.3,0.275
'283',30,01,2003,5630.0,-6.5,2.7,0.477025,4.5,2.300,0.6,0.183
'283',31,01,2003,6770.0,-11.6,-2.2,0.313126,2.3,0.000,0.5,0.000
'283',01,02,2003,4600.0,-11.3,-1.5,0.310984,4.1,1.800,0.4,0.229
'283',02,02,2003,1840.0,-1.6,4.1,0.664737,5.5,12.600,0.2,0.300
'283',03,02,2003,4590.0,-0.4,5.1,0.644910,5.3,7.000,0.5,0.167
'283',04,02,2003,4150.0,-0.8,2.7,0.615283,5.2,6.000,0.5,0.213
'283',05,02,2003,5060.0,0.7,4.3,0.647125,4.8,1.500,0.6,0.104
'283',06,02,2003,6400.0,-2.8,2.3,0.487030,2.4,0.000,0.7,0.000
'283',07,02,2003,1120.0,0.9,4.6,0.682258,3.5,0.700,0.1,0.071
'283',08,02,2003,1090.0,4.4,6.4,0.894077,2.7,0.000,0.1,0.000
'283',09,02,2003,3090.0,-2.2,8.3,0.725153,2.6,0.000,0.4,0.000
'283',10,02,2003,8160.0,-4.4,4.6,0.510657,1.6,0.000,0.8,0.000
'283',11,02,2003,8040.0,-4.8,5.0,0.519203,1.5,0.000,0.8,0.000
'283',12,02,2003,1210.0,-5.7,-1.9,0.427448,2.5,0.000,0.1,0.000
'283',13,02,2003,9850.0,-6.3,1.4,0.378203,3.9,0.000,0.9,0.000
'283',14,02,2003,7860.0,-6.7,2.9,0.309756,3.5,0.000,0.8,0.000
'283',15,02,2003,1270.0,-3.4,0.3,0.449569,4.0,0.000,0.1,0.000
'283',16,02,2003,9200.0,-5.2,0.6,0.330849,4.3,0.000,0.9,0.000
'283',17,02,2003,9670.0,-7.3,2.0,0.342338,3.4,0.000,0.9,0.000
'283',18,02,2003,9900.0,-7.7,2.0,0.314712,3.8,0.000,0.9,0.000
'283',19,02,2003,9690.0,-6.2,4.0,0.399177,5.0,0.000,1.0,0.000
'283',20,02,2003,10760.0,-5.6,5.8,0.439293,3.8,0.000,1.1,0.000
'283',21,02,2003,10500.0,-5.0,7.3,0.464753,2.6,0.000,1.1,0.000
'283',22,02,2003,10800.0,-4.1,9.1,0.489589,3.3,0.000,1.2,0.000
'283',23,02,2003,9620.0,-3.7,11.4,0.525638,2.3,0.000,1.1,0.000
'283',24,02,2003,9540.0,-2.6,12.3,0.563179,1.9,0.000,1.2,0.000
'283',25,02,2003,11400.0,-3.3,11.0,0.415905,2.7,0.000,1.3,0.000
'283',26,02,2003,10720.0,-4.2,12.9,0.420813,1.9,0.000,1.3,0.000
'283',27,02,2003,9170.0,0.6,15.2,0.631649,1.8,0.000,1.2,0.000
'283',28,02,2003,8450.0,5.2,13.6,0.825522,2.6,0.000,1.2,0.000
'283',01,03,2003,9690.0,4.4,12.7,0.837900,3.3,2.500,1.4,0.075
'283',02,03,2003,4710.0,5.0,11.5,0.981373,3.3,5.900,0.7,0.229
'283',03,03,2003,4550.0,-0.3,8.7,0.669344,2.5,0.000,0.6,0.000
'283',04,03,2003,9400.0,-0.6,9.9,0.661674,3.3,0.000,1.2,0.000
'283',05,03,2003,9390.0,7.2,14.7,1.051171,3.1,0.000,1.4,0.000
'283',06,03,2003,1520.0,1.4,10.2,0.794510,3.7,1.300,0.2,0.083
'283',07,03,2003,8570.0,0.2,10.1,0.696183,3.9,0.200,1.1,0.029
'283',08,03,2003,5470.0,5.5,10.9,0.780609,8.1,2.300,0.8,0.158
'283',09,03,2003,5750.0,6.9,12.2,0.933791,6.1,0.500,0.8,0.079
'283',10,03,2003,8150.0,7.4,13.6,0.910049,5.0,0.000,1.2,0.000
'283',11,03,2003,1260.0,8.2,10.8,1.071476,4.8,14.600,0.2,0.550
'283',12,03,2003,5060.0,2.7,9.0,0.790995,5.3,0.000,0.7,0.000
'283',13,03,2003,12560.0,-1.2,9.3,0.534677,2.8,0.000,1.5,0.000
'283',14,03,2003,15060.0,-3.2,10.0,0.488532,3.9,0.000,1.8,0.000
'283',15,03,2003,14720.0,-1.4,10.1,0.574345,3.5,0.000,1.8,0.000
'283',16,03,2003,15160.0,-3.7,11.9,0.541168,1.4,0.000,1.8,0.000
'283',17,03,2003,7150.0,-2.5,6.8,0.597285,2.6,0.000,0.8,0.000
'283',18,03,2003,14840.0,-2.5,13.0,0.573583,1.9,0.000,1.9,0.000
'283',19,03,2003,8800.0,-2.9,8.5,0.632629,2.6,0.000,1.0,0.000
'283',20,03,2003,8510.0,-1.9,6.9,0.563148,1.8,0.000,1.0,0.000
'283',21,03,2003,12550.0,-0.6,9.9,0.561423,4.2,0.000,1.5,0.000
'283',22,03,2003,17020.0,-2.9,12.8,0.340197,3.4,0.000,2.1,0.000
'283',23,03,2003,17180.0,-2.4,17.3,0.397532,2.1,0.000,2.3,0.000
'283',24,03,2003,15270.0,-0.9,20.0,0.593813,2.8,0.000,2.3,0.000
'283',25,03,2003,11410.0,1.6,16.5,0.817199,1.3,0.000,1.6,0.000
'283',26,03,2003,16270.0,1.9,16.6,0.717625,2.5,0.000,2.4,0.000
'283',27,03,2003,14980.0,2.0,17.9,0.793466,1.4,0.000,2.2,0.000
'283',28,03,2003,15090.0,3.5,18.3,0.800153,3.7,0.000,2.3,0.000
'283',29,03,2003,7230.0,5.3,18.1,1.000212,2.3,0.000,1.1,0.000
'283',30,03,2003,14200.0,2.2,14.3,0.806151,3.3,0.000,1.9,0.000
'283',31,03,2003,16810.0,-1.3,13.1,0.614118,1.9,0.000,2.2,0.000
'283',01,04,2003,10670.0,-0.8,14.2,0.618972,5.5,8.300,1.5,0.229
'283',02,04,2003,10780.0,3.2,9.9,0.791996,5.5,4.600,1.4,0.200
'283',03,04,2003,10460.0,0.1,8.5,0.576527,5.0,0.000,1.3,0.000
'283',04,04,2003,10570.0,-3.0,9.1,0.578441,3.4,0.000,1.3,0.000
'283',05,04,2003,12620.0,0.9,11.2,0.705776,6.5,0.000,1.7,0.000
'283',06,04,2003,17320.0,-2.8,10.0,0.455931,4.2,0.000,2.1,0.000
'283',07,04,2003,18630.0,-4.2,7.0,0.308594,3.6,0.000,2.1,0.000
'283',08,04,2003,16120.0,-6.1,6.4,0.314459,2.9,0.000,1.8,0.000
'283',09,04,2003,14800.0,-6.1,7.1,0.367871,3.2,0.000,1.7,0.000
'283',10,04,2003,13510.0,-1.1,7.5,0.521720,2.1,0.500,1.6,0.025
'283',11,04,2003,10570.0,-2.9,9.7,0.562809,3.0,0.100,1.3,0.029
'283',12,04,2003,19880.0,-3.5,14.2,0.432916,1.8,0.000,2.6,0.000
'283',13,04,2003,19690.0,-1.8,17.5,0.547487,2.9,0.000,2.9,0.000
'283',14,04,2003,21000.0,5.5,19.8,0.584751,5.6,0.000,3.3,0.000
'283',15,04,2003,21510.0,6.5,24.3,0.809693,4.9,0.000,3.6,0.000
'283',16,04,2003,21340.0,7.8,23.5,0.727035,4.3,0.000,3.6,0.000
'283',17,04,2003,21800.0,7.6,21.3,0.573934,4.7,0.000,3.6,0.000
'283',18,04,2003,22200.0,5.7,16.9,0.685457,5.2,0.000,3.3,0.000
'283',19,04,2003,8540.0,4.2,11.8,0.760190,4.6,0.300,1.2,0.012
'283',20,04,2003,19830.0,1.3,16.3,0.703820,3.3,0.000,2.9,0.000
'283',21,04,2003,20930.0,3.3,23.4,0.811005,2.4,0.000,3.4,0.000
'283',22,04,2003,8100.0,6.4,14.5,0.898386,2.8,0.800,1.2,0.054
'283',23,04,2003,20720.0,2.1,19.8,0.763955,2.5,0.000,3.1,0.000
'283',24,04,2003,20630.0,2.4,22.1,0.682226,2.0,0.000,3.3,0.000
'283',25,04,2003,13050.0,8.7,24.0,0.936721,2.5,0.100,2.3,0.012
'283',26,04,2003,4070.0,9.6,17.4,1.354870,2.8,23.600,0.6,0.438
'283',27,04,2003,12850.0,9.6,15.5,1.113427,6.0,4.600,2.0,0.108
'283',28,04,2003,12810.0,9.8,20.9,1.273665,4.1,3.500,2.1,0.104
'283',29,04,2003,17070.0,8.4,17.2,1.092718,4.7,1.200,2.7,0.058
'283',30,04,2003,4750.0,7.6,15.5,1.214282,3.1,7.200,0.7,0.292
'283',01,05,2003,13160.0,7.9,16.3,1.048925,5.1,7.400,2.0,0.138
'283',02,05,2003,16020.0,7.4,21.3,1.046418,3.5,4.200,2.6,0.108
'283',03,05,2003,16020.0,7.5,15.1,0.923171,6.5,4.500,2.4,0.129
'283',04,05,2003,25100.0,7.5,23.2,0.920194,3.3,0.000,4.2,0.000
'283',05,05,2003,14400.0,12.3,21.7,1.429692,2.5,0.000,2.5,0.000
'283',06,05,2003,7970.0,4.2,15.5,0.963546,2.4,3.100,1.2,0.163
'283',07,05,2003,24390.0,1.6,17.6,0.822454,1.0,0.000,3.6,0.000
'283',08,05,2003,21940.0,4.6,20.8,0.992948,2.5,0.500,3.5,0.046
'283',09,05,2003,10530.0,9.0,15.6,1.085895,1.8,0.000,1.6,0.000
'283',10,05,2003,20760.0,4.8,18.1,0.903513,2.0,0.000,3.2,0.000
'283',11,05,2003,21520.0,4.4,19.6,0.934489,2.3,0.000,3.5,0.000
'283',12,05,2003,14100.0,8.2,15.9,0.971734,3.9,0.000,2.2,0.000
'283',13,05,2003,16750.0,5.2,14.1,0.814375,3.8,7.100,2.4,0.204
'283',14,05,2003,13920.0,4.9,13.1,0.934792,3.5,8.100,1.9,0.179
'283',15,05,2003,18100.0,3.1,14.1,0.768156,1.8,2.500,2.6,0.058
'283',16,05,2003,23030.0,1.3,17.1,0.780687,1.8,0.000,3.4,0.000
'283',17,05,2003,12200.0,9.5,16.9,1.138620,2.7,0.500,1.9,0.025
'283',18,05,2003,14420.0,11.7,18.2,1.335731,3.7,8.000,2.3,0.179
'283',19,05,2003,7690.0,10.0,16.0,1.259237,3.2,19.200,1.2,0.258
'283',20,05,2003,15300.0,8.7,14.5,1.090527,5.7,22.300,2.3,0.271
'283',21,05,2003,12070.0,9.6,16.2,1.163134,3.5,6.400,1.9,0.250
'283',22,05,2003,4960.0,10.4,15.8,1.372000,3.5,1.400,0.8,0.225
'283',23,05,2003,5270.0,12.0,14.2,1.375532,4.1,4.500,0.8,0.417
'283',24,05,2003,7150.0,10.3,17.4,1.454876,1.9,14.100,1.2,0.442
'283',25,05,2003,17040.0,8.1,17.3,1.225855,3.3,0.500,2.7,0.075
'283',26,05,2003,26730.0,4.9,21.0,1.075410,1.5,0.000,4.3,0.000
'283',27,05,2003,24550.0,7.5,22.4,1.109204,1.8,0.000,4.1,0.000
'283',28,05,2003,19250.0,12.5,22.4,1.327638,2.7,0.000,3.3,0.000
'283',29,05,2003,27160.0,11.7,25.7,1.348040,2.9,0.000,4.9,0.000
'283',30,05,2003,24600.0,13.0,28.6,1.510917,1.8,0.800,4.6,0.021
'283',31,05,2003,25090.0,13.6,26.6,1.612317,2.7,0.000,4.6,0.000
'283',01,06,2003,25170.0,13.8,28.0,1.571583,2.5,0.000,4.7,0.000
'283',02,06,2003,20590.0,16.7,29.8,1.907818,2.8,3.400,3.9,0.033
'283',03,06,2003,20190.0,15.6,25.7,1.833763,1.8,0.700,3.7,0.012
'283',04,06,2003,22020.0,15.0,29.5,1.895482,2.6,2.500,4.1,0.050
'283',05,06,2003,13250.0,10.6,21.0,1.378471,2.0,2.500,2.3,0.096
'283',06,06,2003,26860.0,8.7,24.1,1.247306,1.7,0.000,4.7,0.000
'283',07,06,2003,24410.0,13.0,27.2,1.602740,2.0,0.000,4.5,0.000
'283',08,06,2003,14530.0,13.0,29.0,1.792974,3.3,13.600,2.6,0.108
'283',09,06,2003,22950.0,11.6,20.4,1.244699,3.6,0.000,3.8,0.000
'283',10,06,2003,15610.0,11.5,26.0,1.645905,2.8,2.300,2.8,0.029
'283',11,06,2003,25360.0,12.7,22.6,1.470802,3.6,0.000,4.5,0.000
'283',12,06,2003,24130.0,11.0,25.5,1.465633,2.0,3.300,4.3,0.075
'283',13,06,2003,24650.0,11.0,23.5,1.351284,1.5,0.000,4.3,0.000
'283',14,06,2003,16660.0,10.7,20.3,1.300096,3.0,0.000,2.8,0.000
'283',15,06,2003,27920.0,9.0,23.0,1.174886,2.2,0.000,4.8,0.000
'283',16,06,2003,25200.0,8.5,22.9,1.275425,1.5,0.000,4.3,0.000
'283',17,06,2003,23270.0,11.0,26.1,1.394689,1.9,2.000,4.2,0.037
'283',18,06,2003,14630.0,14.4,23.7,1.595146,2.7,0.500,2.6,0.021
'283',19,06,2003,12950.0,15.8,21.4,1.735808,5.1,9.300,2.3,0.033
'283',20,06,2003,23020.0,8.8,19.3,1.108649,4.2,0.000,3.8,0.000
'283',21,06,2003,18980.0,8.3,19.9,1.135890,2.8,0.000,3.1,0.000
'283',22,06,2003,19880.0,8.3,23.9,1.168721,2.0,0.000,3.5,0.000
'283',23,06,2003,20800.0,12.6,27.2,1.771808,4.1,0.400,3.7,0.033
'283',24,06,2003,23080.0,9.9,21.8,1.270669,3.4,0.000,3.9,0.000
'283',25,06,2003,21170.0,6.5,20.7,1.162781,2.2,0.000,3.5,0.000
'283',26,06,2003,28090.0,8.2,23.0,1.218907,2.8,0.000,4.8,0.000
'283',27,06,2003,27250.0,12.9,26.3,1.314476,3.3,0.000,5.0,0.000
'283',28,06,2003,10540.0,10.9,22.6,1.571308,2.3,0.000,1.8,0.000
'283',29,06,2003,22990.0,8.4,23.1,1.280545,1.8,0.000,3.9,0.000
'283',30,06,2003,10230.0,9.8,21.9,1.389124,2.6,3.800,1.8,0.150
'283',01,07,2003,19650.0,13.6,21.9,1.522856,3.6,2.100,3.3,0.054
'283',02,07,2003,11790.0,12.0,18.3,1.493496,4.4,7.600,2.0,0.233
'283',03,07,2003,7270.0,11.2,17.4,1.539509,3.8,18.500,1.2,0.358
'283',04,07,2003,6310.0,13.5,16.4,1.526196,3.5,0.400,1.0,0.012
'283',05,07,2003,10260.0,13.7,19.3,1.513730,3.4,0.000,1.7,0.000
'283',06,07,2003,7140.0,10.3,17.0,1.385573,1.5,0.000,1.2,0.000
'283',07,07,2003,16740.0,11.4,22.2,1.483556,1.4,0.000,2.9,0.000
'283',08,07,2003,19490.0,9.4,23.1,1.389376,1.5,0.000,3.4,0.000
'283',09,07,2003,21570.0,10.1,22.9,1.367499,2.5,0.000,3.8,0.000
'283',10,07,2003,28310.0,7.6,24.3,1.296654,1.1,0.000,4.9,0.000
'283',11,07,2003,19600.0,11.2,25.6,1.609628,3.5,0.000,3.5,0.000
'283',12,07,2003,22190.0,9.8,22.3,1.262140,2.6,0.000,3.8,0.000
'283',13,07,2003,28280.0,7.3,23.4,1.254543,1.9,0.000,4.9,0.000
'283',14,07,2003,28980.0,12.1,26.7,1.307970,4.0,0.000,5.3,0.000
'283',15,07,2003,28380.0,15.0,30.2,1.330629,4.6,0.000,5.5,0.000
'283',16,07,2003,25420.0,16.6,34.1,1.735880,4.5,19.300,5.0,0.100
'283',17,07,2003,10830.0,15.9,21.9,1.827209,3.2,1.400,1.9,0.042
'283',18,07,2003,21600.0,14.6,24.4,1.754827,3.1,0.000,3.9,0.000
'283',19,07,2003,27120.0,14.1,30.0,1.538996,2.0,0.000,5.2,0.000
'283',20,07,2003,22880.0,14.8,32.6,1.717986,2.6,0.000,4.4,0.000
'283',21,07,2003,21900.0,14.3,27.4,1.500322,1.4,28.300,4.0,0.021
'283',22,07,2003,23600.0,13.7,24.2,1.621614,2.2,1.400,4.3,0.029
'283',23,07,2003,24250.0,11.8,25.4,1.421996,2.0,3.000,4.4,0.025
'283',24,07,2003,14140.0,14.4,23.3,1.684636,1.8,2.800,2.5,0.138
'283',25,07,2003,20960.0,14.4,24.1,1.659417,2.5,0.100,3.8,0.004
'283',26,07,2003,15750.0,16.4,23.1,1.714720,2.8,4.800,2.8,0.196
'283',27,07,2003,16370.0,13.9,23.2,1.745073,3.7,3.000,3.0,0.158
'283',28,07,2003,18940.0,11.1,22.9,1.338285,1.8,0.000,3.3,0.000
'283',29,07,2003,23540.0,10.5,25.2,1.349795,2.0,0.000,4.2,0.000
'283',30,07,2003,8270.0,13.0,22.6,1.728582,2.3,3.700,1.4,0.108
'283',31,07,2003,22780.0,11.9,25.5,1.594094,0.9,0.000,4.0,0.000
'283',01,08,2003,23090.0,12.1,27.3,1.631206,1.5,0.000,4.3,0.000
'283',02,08,2003,24370.0,14.2,28.2,1.795923,1.8,0.000,4.6,0.000
'283',03,08,2003,25130.0,14.1,27.1,1.772808,1.9,0.000,4.7,0.000
'283',04,08,2003,24970.0,13.8,28.8,1.616634,2.5,0.000,4.7,0.000
'283',05,08,2003,22440.0,13.6,30.1,1.581819,2.5,0.000,4.2,0.000
'283',06,08,2003,23150.0,15.8,31.0,1.558088,2.7,0.000,4.5,0.000
'283',07,08,2003,21430.0,16.5,35.2,1.886557,1.7,0.000,4.3,0.000
'283',08,08,2003,21970.0,16.8,35.8,1.828503,1.3,0.000,4.4,0.000
'283',09,08,2003,17660.0,15.5,29.2,2.136696,2.0,0.000,3.3,0.000
'283',10,08,2003,21420.0,16.7,29.1,1.877241,1.2,0.000,4.0,0.000
'283',11,08,2003,21140.0,15.4,32.2,1.860680,1.3,0.000,4.1,0.000
'283',12,08,2003,19910.0,15.8,34.7,1.948317,2.3,0.000,4.0,0.000
'283',13,08,2003,19500.0,14.2,27.4,1.687759,3.1,0.000,3.6,0.000
'283',14,08,2003,19430.0,14.0,23.1,1.360890,3.5,0.000,3.4,0.000
'283',15,08,2003,20370.0,9.1,23.2,1.149300,3.1,0.000,3.5,0.000
'283',16,08,2003,17670.0,5.8,23.0,1.023008,1.7,0.000,3.0,0.000
'283',17,08,2003,9300.0,10.9,24.1,1.328786,2.5,1.000,1.6,0.067
'283',18,08,2003,6360.0,14.2,22.4,1.728174,2.3,0.000,1.1,0.000
'283',19,08,2003,13040.0,7.8,23.1,1.239290,3.1,0.800,2.3,0.017
'283',20,08,2003,16080.0,7.4,22.8,1.189737,1.8,0.000,2.7,0.000
'283',21,08,2003,16810.0,7.3,23.8,1.218931,2.2,0.000,2.9,0.000
'283',22,08,2003,6810.0,12.3,21.2,1.655988,3.3,0.200,1.2,0.025
'283',23,08,2003,12830.0,8.8,24.2,1.249577,3.3,1.000,2.3,0.021
'283',24,08,2003,8630.0,7.2,21.2,1.275756,2.0,0.000,1.4,0.000
'283',25,08,2003,17480.0,13.5,24.1,1.425478,1.9,0.000,3.1,0.000
'283',26,08,2003,17180.0,11.7,23.1,1.408280,3.2,0.000,3.0,0.000
'283',27,08,2003,8780.0,13.4,18.7,1.314155,2.8,0.000,1.5,0.000
'283',28,08,2003,12240.0,12.6,21.3,1.295637,1.3,1.500,2.1,0.083
'283',29,08,2003,2950.0,12.3,14.8,1.474121,3.1,19.100,0.5,0.567
'283',30,08,2003,16510.0,8.8,19.7,1.174551,2.8,0.000,2.7,0.000
'283',31,08,2003,14320.0,8.2,18.3,1.184866,3.6,0.000,2.2,0.000
'283',01,09,2003,14080.0,8.5,17.7,1.144920,2.9,5.800,2.2,0.046
'283',02,09,2003,18730.0,6.3,18.8,0.928308,1.5,0.000,2.9,0.000
'283',03,09,2003,17420.0,4.6,20.1,1.047617,1.1,0.000,2.7,0.000
'283',04,09,2003,17060.0,5.9,22.0,1.098871,1.1,0.000,2.8,0.000
'283',05,09,2003,18340.0,8.3,24.6,1.201507,2.9,0.000,3.1,0.000
'283',06,09,2003,6890.0,12.6,21.4,1.535979,1.8,2.400,1.2,0.138
'283',07,09,2003,8420.0,11.0,18.7,1.486649,1.4,0.000,1.4,0.000
'283',08,09,2003,4170.0,12.9,16.3,1.513171,1.0,8.100,0.7,0.425
'283',09,09,2003,10920.0,8.4,19.4,1.317136,1.9,0.600,1.8,0.062
'283',10,09,2003,3870.0,8.0,14.2,1.232757,2.5,21.100,0.6,0.292
'283',11,09,2003,9210.0,9.3,18.4,1.310094,3.7,0.400,1.5,0.008
'283',12,09,2003,9950.0,8.7,19.8,1.313083,1.4,0.300,1.6,0.033
'283',13,09,2003,17830.0,5.5,19.4,1.037351,2.0,0.000,2.8,0.000
'283',14,09,2003,17360.0,5.5,20.7,1.025377,1.3,0.000,2.7,0.000
'283',15,09,2003,14800.0,7.0,22.7,1.245822,1.0,0.000,2.4,0.000
'283',16,09,2003,13850.0,9.3,22.3,1.110838,0.8,0.000,2.3,0.000
'283',17,09,2003,15050.0,8.4,24.0,1.267314,1.3,0.000,2.5,0.000
'283',18,09,2003,15350.0,10.0,26.3,1.275037,2.2,0.000,2.7,0.000
'283',19,09,2003,14630.0,13.0,25.2,1.703110,2.0,0.000,2.6,0.000
'283',20,09,2003,14370.0,13.3,27.4,1.593855,1.5,0.000,2.6,0.000
'283',21,09,2003,13570.0,13.2,24.1,1.643796,2.0,0.000,2.4,0.000
'283',22,09,2003,13770.0,11.6,26.5,1.462437,4.8,3.700,2.5,0.058
'283',23,09,2003,8180.0,5.4,14.1,1.018758,3.2,5.100,1.2,0.175
'283',24,09,2003,12350.0,3.7,15.4,0.870560,1.4,0.000,1.8,0.000
'283',25,09,2003,14730.0,2.7,17.9,0.822122,2.5,0.000,2.2,0.000
'283',26,09,2003,12670.0,4.8,18.1,1.014495,2.8,0.000,2.0,0.000
'283',27,09,2003,12220.0,5.2,17.4,0.894961,1.4,0.000,1.9,0.000
'283',28,09,2003,4810.0,5.3,15.8,1.114116,2.5,8.500,0.7,0.125
'283',29,09,2003,8050.0,5.6,15.4,1.053884,2.7,0.700,1.2,0.075
'283',30,09,2003,12290.0,3.3,16.8,0.989718,2.3,0.000,1.8,0.000
'283',01,10,2003,8280.0,6.4,15.9,1.126269,2.5,6.200,1.3,0.238
'283',02,10,2003,7290.0,9.7,16.4,1.329201,1.6,0.000,1.1,0.000
'283',03,10,2003,3150.0,9.7,15.8,1.385612,1.7,2.000,0.5,0.075
'283',04,10,2003,7320.0,7.8,14.6,1.108522,3.0,2.100,1.1,0.100
'283',05,10,2003,10780.0,4.5,13.7,0.878854,3.3,0.000,1.5,0.000
'283',06,10,2003,1980.0,5.9,10.4,0.925036,5.4,9.300,0.3,0.233
'283',07,10,2003,6390.0,4.6,10.3,0.925078,5.1,28.000,0.9,0.542
'283',08,10,2003,3770.0,7.3,12.2,1.036046,4.6,7.900,0.6,0.208
'283',09,10,2003,3520.0,7.5,13.4,1.138362,3.6,1.200,0.5,0.138
'283',10,10,2003,4970.0,8.4,17.0,1.189289,4.4,1.600,0.8,0.112
'283',11,10,2003,3890.0,4.5,13.6,0.977681,2.5,0.000,0.6,0.000
'283',12,10,2003,10640.0,1.4,13.7,0.808279,1.7,0.000,1.5,0.000
'283',13,10,2003,9260.0,2.9,13.4,0.822542,3.3,0.000,1.3,0.000
'283',14,10,2003,11120.0,3.3,11.7,0.738076,4.0,0.000,1.5,0.000
'283',15,10,2003,10880.0,1.8,12.3,0.716858,3.4,0.000,1.4,0.000
'283',16,10,2003,10620.0,1.3,11.6,0.748925,2.8,0.000,1.4,0.000
'283',17,10,2003,10610.0,1.5,11.0,0.680722,3.6,0.000,1.4,0.000
'283',18,10,2003,10370.0,-2.9,12.2,0.563943,2.6,0.000,1.3,0.000
'283',19,10,2003,8730.0,-1.0,11.7,0.615088,2.3,0.000,1.1,0.000
'283',20,10,2003,5910.0,-1.1,9.6,0.712155,2.8,0.000,0.7,0.000
'283',21,10,2003,5030.0,0.8,8.2,0.742321,1.9,0.700,0.6,0.104
'283',22,10,2003,5840.0,1.7,7.7,0.762282,3.7,0.000,0.7,0.000
'283',23,10,2003,9230.0,-4.6,5.7,0.517612,3.5,0.000,1.0,0.000
'283',24,10,2003,2290.0,-6.4,2.5,0.512759,2.7,0.500,0.2,0.062
'283',25,10,2003,2650.0,1.0,7.8,0.793982,4.6,1.500,0.3,0.121
'283',26,10,2003,2420.0,0.9,8.6,0.796696,3.5,4.300,0.3,0.112
'283',27,10,2003,8240.0,-2.7,7.0,0.601001,1.2,0.000,0.9,0.000
'283',28,10,2003,6030.0,-2.6,8.0,0.665237,1.3,0.000,0.7,0.000
'283',29,10,2003,7160.0,-1.2,8.9,0.644748,2.6,0.000,0.9,0.000
'283',30,10,2003,2510.0,3.9,9.0,0.871514,2.8,0.000,0.3,0.000
'283',31,10,2003,2350.0,3.7,11.8,0.975496,3.6,2.900,0.3,0.354
'283',01,11,2003,1350.0,8.2,10.1,1.113138,3.1,3.300,0.2,0.346
'283',02,11,2003,4600.0,5.5,11.8,0.950210,5.7,9.100,0.7,0.196
'283',03,11,2003,3750.0,8.7,13.0,1.105392,6.3,8.500,0.6,0.117
'283',04,11,2003,6550.0,2.7,12.0,0.959968,2.7,0.000,0.9,0.000
'283',05,11,2003,6760.0,0.6,13.8,0.902847,2.5,0.000,0.9,0.000
'283',06,11,2003,6600.0,0.8,13.6,0.785761,2.3,0.000,0.9,0.000
'283',07,11,2003,6310.0,1.9,8.4,0.746683,4.9,0.000,0.8,0.000
'283',08,11,2003,6420.0,3.8,9.2,0.787786,5.5,0.000,0.9,0.000
'283',09,11,2003,6030.0,0.8,12.0,0.818319,3.1,0.000,0.8,0.000
'283',10,11,2003,4830.0,2.8,12.3,0.884484,2.7,0.000,0.6,0.000
'283',11,11,2003,830.0,-1.2,3.8,0.638998,2.9,0.000,0.1,0.000
'283',12,11,2003,4740.0,-1.3,7.6,0.676473,2.5,0.000,0.6,0.000
'283',13,11,2003,5210.0,6.2,12.1,1.038804,2.6,0.500,0.7,0.054
'283',14,11,2003,2190.0,1.8,8.9,0.786829,3.9,1.700,0.3,0.088
'283',15,11,2003,1270.0,4.7,9.9,0.938789,4.3,0.000,0.2,0.000
'283',16,11,2003,1110.0,3.8,6.9,0.864582,1.8,5.200,0.1,0.354
'283',17,11,2003,2300.0,5.6,8.9,0.941711,5.0,0.500,0.3,0.100
'283',18,11,2003,550.0,8.0,12.6,1.200242,5.7,1.200,0.1,0.275
'283',19,11,2003,900.0,11.6,13.3,1.356676,6.1,0.400,0.1,0.104
'283',20,11,2003,670.0,8.1,11.8,1.150605,3.6,0.000,0.1,0.000
'283',21,11,2003,2840.0,7.4,11.0,1.053580,3.0,0.000,0.4,0.000
'283',22,11,2003,1990.0,7.9,13.9,1.152064,3.5,1.800,0.3,0.046
'283',23,11,2003,2140.0,10.8,15.5,1.251594,3.4,0.600,0.3,0.042
'283',24,11,2003,850.0,6.9,12.7,1.092295,2.1,1.600,0.1,0.100
'283',25,11,2003,2070.0,4.4,8.7,0.913222,1.9,0.000,0.3,0.000
'283',26,11,2003,3430.0,6.6,11.2,0.938309,4.9,2.600,0.5,0.179
'283',27,11,2003,1660.0,5.2,8.3,0.951404,1.9,0.000,0.2,0.000
'283',28,11,2003,3720.0,0.6,8.0,0.774923,2.1,0.000,0.5,0.000
'283',29,11,2003,3620.0,2.3,6.3,0.737578,3.3,0.000,0.4,0.000
'283',30,11,2003,730.0,4.8,8.2,0.849916,3.9,0.400,0.1,0.071
'283',01,12,2003,2660.0,5.7,12.8,1.033742,3.8,0.700,0.4,0.079
'283',02,12,2003,2150.0,0.3,7.7,0.758827,2.1,0.000,0.3,0.000
'283',03,12,2003,1230.0,-0.6,5.1,0.727136,2.6,0.000,0.1,0.000
'283',04,12,2003,360.0,3.3,5.2,0.820463,4.2,0.000,0.0,0.000
'283',05,12,2003,1190.0,2.8,4.5,0.769434,2.3,0.000,0.1,0.000
'283',06,12,2003,2970.0,-1.5,8.1,0.554451,4.5,2.000,0.4,0.129
'283',07,12,2003,4380.0,-5.2,1.5,0.399788,2.5,0.000,0.4,0.000
'283',08,12,2003,4440.0,-6.9,2.6,0.414162,1.9,0.000,0.4,0.000
'283',09,12,2003,3940.0,-8.1,5.7,0.374478,1.8,0.000,0.4,0.000
'283',10,12,2003,3860.0,-6.3,4.3,0.432575,1.4,0.000,0.4,0.000
'283',11,12,2003,1100.0,-1.7,5.7,0.640544,5.3,3.600,0.1,0.196
'283',12,12,2003,2160.0,-2.6,7.5,0.734324,2.8,0.700,0.3,0.079
'283',13,12,2003,350.0,7.5,12.1,1.127356,7.5,21.400,0.1,0.858
'283',14,12,2003,2060.0,2.2,10.2,0.863640,5.8,13.600,0.3,0.229
'283',15,12,2003,1730.0,0.3,4.1,0.625101,4.9,1.700,0.2,0.062
'283',16,12,2003,2050.0,2.3,6.3,0.741085,3.0,0.000,0.3,0.000
'283',17,12,2003,2270.0,-0.1,6.4,0.670780,3.0,0.000,0.3,0.000
'283',18,12,2003,3510.0,-2.6,7.5,0.604726,2.0,0.000,0.4,0.000
'283',19,12,2003,920.0,0.9,5.0,0.715272,2.8,0.000,0.1,0.000
'283',20,12,2003,840.0,4.7,10.5,0.947690,5.8,4.800,0.1,0.204
'283',21,12,2003,760.0,0.5,8.2,0.710453,8.4,8.100,0.1,0.312
'283',22,12,2003,2980.0,-2.8,2.6,0.512353,3.8,0.000,0.3,0.000
'283',23,12,2003,640.0,-2.4,1.5,0.589584,3.9,5.000,0.1,0.346
'283',24,12,2003,1190.0,1.4,5.0,0.730495,4.4,0.300,0.1,0.050
'283',25,12,2003,440.0,5.0,8.0,0.930631,5.0,0.100,0.1,0.017
'283',26,12,2003,1780.0,6.1,8.9,0.918510,5.7,0.100,0.2,0.025
'283',27,12,2003,2250.0,4.8,8.9,0.851926,6.0,4.100,0.3,0.138
'283',28,12,2003,770.0,2.9,9.7,0.871891,5.8,17.500,0.1,0.442
'283',29,12,2003,2810.0,0.5,5.2,0.680621,3.9,0.000,0.3,0.000
'283',30,12,2003,2100.0,0.0,4.0,0.664247,1.2,0.000,0.2,0.000
'283',31,12,2003,750.0,-1.5,2.6,0.597696,2.8,0.000,0.1,0.000
'283',01,01,2004,880.0,-1.5,0.6,0.521975,4.0,0.000,0.1,0.000
'283',02,01,2004,3280.0,-4.5,-0.1,0.429607,4.2,0.000,0.3,0.000
'283',03,01,2004,2470.0,-4.7,-0.7,0.383084,2.2,0.000,0.2,0.000
'283',04,01,2004,1130.0,-3.6,3.9,0.557085,3.6,1.700,0.1,0.204
'283',05,01,2004,570.0,1.1,3.7,0.712931,2.3,0.500,0.1,0.067
'283',06,01,2004,350.0,3.5,8.4,0.921667,4.8,6.000,0.0,0.517
'283',07,01,2004,1440.0,3.6,7.7,0.905081,2.9,0.000,0.2,0.000
'283',08,01,2004,2460.0,2.8,6.1,0.759596,5.1,1.900,0.3,0.083
'283',09,01,2004,770.0,4.6,6.7,0.871998,3.6,2.900,0.1,0.171
'283',10,01,2004,1620.0,3.5,6.6,0.822344,3.7,0.100,0.2,0.008
'283',11,01,2004,580.0,4.6,11.8,0.963954,6.5,13.600,0.1,0.392
'283',12,01,2004,1200.0,3.6,6.2,0.794328,4.5,3.500,0.2,0.225
'283',13,01,2004,1040.0,5.0,9.2,0.894355,7.3,11.200,0.1,0.292
'283',14,01,2004,1330.0,1.1,7.0,0.738186,5.5,7.800,0.2,0.254
'283',15,01,2004,1710.0,0.2,5.8,0.706437,5.0,5.600,0.2,0.196
'283',16,01,2004,1000.0,4.3,6.8,0.814510,8.9,11.400,0.1,0.529
'283',17,01,2004,670.0,3.7,5.6,0.768182,7.7,4.900,0.1,0.267
'283',18,01,2004,2750.0,-1.4,3.7,0.560153,3.9,0.000,0.3,0.000
'283',19,01,2004,670.0,0.3,8.3,0.799357,6.1,13.200,0.1,0.850
'283',20,01,2004,4150.0,0.0,7.8,0.678022,3.0,0.400,0.5,0.037
'283',21,01,2004,4500.0,-2.7,2.5,0.486473,1.2,0.000,0.5,0.000
'283',22,01,2004,1250.0,-1.3,2.1,0.494665,3.1,0.000,0.1,0.000
'283',23,01,2004,4880.0,-1.2,5.5,0.521653,2.5,0.000,0.6,0.000
'283',24,01,2004,690.0,-0.1,3.7,0.554003,3.0,3.900,0.1,0.208
'283',25,01,2004,2710.0,-0.4,5.5,0.725657,2.2,0.000,0.3,0.000
'283',26,01,2004,3380.0,-2.1,4.5,0.602903,2.3,0.000,0.4,0.000
'283',27,01,2004,2250.0,-2.1,1.0,0.531676,2.0,0.100,0.2,0.012
'283',28,01,2004,2060.0,-1.4,1.3,0.591049,3.9,4.100,0.2,0.333
'283',29,01,2004,3890.0,-6.1,2.4,0.505856,5.5,1.300,0.4,0.112
'283',30,01,2004,2220.0,-0.3,3.2,0.478569,6.5,0.000,0.3,0.000
'283',31,01,2004,720.0,1.8,11.5,0.717153,8.8,9.800,0.1,0.388
'283',01,02,2004,2700.0,8.4,11.7,1.051649,8.4,6.100,0.4,0.233
'283',02,02,2004,640.0,8.5,11.8,1.116888,7.1,11.200,0.1,0.371
'283',03,02,2004,2500.0,9.9,14.8,1.154955,6.0,0.000,0.4,0.000
'283',04,02,2004,1830.0,10.7,15.5,1.184226,6.1,0.700,0.3,0.067
'283',05,02,2004,1170.0,11.0,15.1,1.241936,6.7,2.700,0.2,0.142
'283',06,02,2004,1640.0,9.8,12.9,1.203766,6.1,4.500,0.2,0.167
'283',07,02,2004,1400.0,3.1,9.9,0.826010,8.5,6.500,0.2,0.200
'283',08,02,2004,3470.0,0.5,5.6,0.654599,7.3,11.600,0.4,0.354
'283',09,02,2004,4160.0,0.6,5.0,0.673454,4.3,3.100,0.5,0.138
'283',10,02,2004,2220.0,0.0,6.5,0.702271,5.8,9.400,0.3,0.304
'283',11,02,2004,1840.0,0.5,7.7,0.754966,3.9,1.100,0.2,0.138
'283',12,02,2004,2580.0,-0.1,6.1,0.689242,1.9,0.200,0.3,0.058
'283',13,02,2004,1920.0,6.1,8.6,1.007155,1.9,0.900,0.3,0.079
'283',14,02,2004,3020.0,4.6,8.5,0.880474,1.9,0.200,0.4,0.042
'283',15,02,2004,5100.0,0.4,7.4,0.752033,1.0,0.000,0.6,0.000
'283',16,02,2004,2620.0,-0.9,4.7,0.674632,1.2,0.000,0.3,0.000
'283',17,02,2004,2830.0,0.8,6.0,0.721067,2.5,0.200,0.3,0.017
'283',18,02,2004,7730.0,1.2,8.1,0.658768,4.0,0.000,1.0,0.000
'283',19,02,2004,7400.0,-1.3,3.2,0.495445,4.8,0.000,0.8,0.000
'283',20,02,2004,9960.0,-3.0,4.1,0.433317,5.3,0.000,1.1,0.000
'283',21,02,2004,4100.0,-3.6,2.4,0.461639,3.1,0.000,0.4,0.000
'283',22,02,2004,5230.0,-3.0,5.9,0.524593,3.9,0.000,0.6,0.000
'283',23,02,2004,9690.0,-4.7,5.5,0.401219,3.4,0.000,1.0,0.000
'283',24,02,2004,6460.0,-4.3,4.9,0.525235,4.3,4.300,0.7,0.292
'283',25,02,2004,8740.0,-2.4,3.6,0.568304,3.8,1.400,0.9,0.092
'283',26,02,2004,5170.0,-2.9,1.7,0.540167,4.3,4.700,0.5,0.183
'283',27,02,2004,9940.0,-4.5,1.2,0.467521,3.3,0.000,1.0,0.000
'283',28,02,2004,7850.0,-4.6,2.3,0.483082,1.4,0.000,0.8,0.000
'283',29,02,2004,9870.0,-4.4,3.2,0.489387,2.7,0.000,1.0,0.000
'283',01,03,2004,10500.0,-5.0,4.8,0.485944,2.9,0.000,1.1,0.000
'283',02,03,2004,5960.0,2.7,7.6,0.712490,4.6,0.000,0.7,0.000
'283',03,03,2004,5700.0,-2.3,5.3,0.640928,2.7,0.000,0.6,0.000
'283',04,03,2004,8390.0,-2.6,8.2,0.524088,3.5,0.000,1.0,0.000
'283',05,03,2004,11020.0,-1.9,6.4,0.514211,4.1,0.000,1.3,0.000
'283',06,03,2004,3730.0,0.2,3.9,0.617684,2.1,0.900,0.4,0.100
'283',07,03,2004,7020.0,-1.9,7.6,0.670124,2.5,0.300,0.8,0.033
'283',08,03,2004,12350.0,-4.6,8.2,0.574862,3.3,0.000,1.4,0.000
'283',09,03,2004,5490.0,-1.8,3.6,0.525749,4.5,0.000,0.6,0.000
'283',10,03,2004,3320.0,-0.6,2.6,0.609783,3.8,0.200,0.4,0.046
'283',11,03,2004,7330.0,-1.7,4.9,0.570107,3.0,0.000,0.8,0.000
'283',12,03,2004,6810.0,-0.2,7.3,0.554842,4.2,1.200,0.8,0.154
'283',13,03,2004,6630.0,4.5,11.0,0.845937,4.8,2.900,0.9,0.167
'283',14,03,2004,12240.0,4.4,13.9,0.849119,6.0,0.100,1.8,0.012
'283',15,03,2004,4160.0,9.8,13.6,1.079987,5.9,0.000,0.6,0.000
'283',16,03,2004,3390.0,8.6,15.0,1.224372,4.2,0.100,0.5,0.008
'283',17,03,2004,13530.0,4.8,20.2,1.029487,2.9,0.000,2.1,0.000
'283',18,03,2004,5900.0,1.9,14.9,1.011119,2.9,0.700,0.9,0.033
'283',19,03,2004,6240.0,7.2,13.1,0.957351,6.5,11.000,0.9,0.292
'283',20,03,2004,2600.0,6.9,13.3,1.052694,9.9,8.300,0.4,0.296
'283',21,03,2004,10500.0,4.9,12.0,0.835947,9.1,1.900,1.5,0.050
'283',22,03,2004,7890.0,-0.1,9.7,0.715312,4.8,3.100,1.0,0.129
'283',23,03,2004,13040.0,-0.1,10.9,0.704397,1.8,0.000,1.6,0.000
'283',24,03,2004,6800.0,-0.7,7.5,0.663428,3.6,0.000,0.8,0.000
'283',25,03,2004,11480.0,-1.5,7.7,0.530263,2.9,0.000,1.3,0.000
'283',26,03,2004,11690.0,-4.1,7.7,0.501699,2.4,0.000,1.3,0.000
'283',27,03,2004,15890.0,-4.5,8.7,0.486533,1.6,0.000,1.9,0.000
'283',28,03,2004,11490.0,-0.6,11.0,0.607316,1.9,0.000,1.5,0.000
'283',29,03,2004,13930.0,-2.6,13.7,0.649474,1.5,0.000,1.8,0.000
'283',30,03,2004,17930.0,2.2,16.0,0.709177,4.5,0.000,2.6,0.000
'283',31,03,2004,14610.0,1.9,15.9,0.711273,3.4,0.000,2.1,0.000
'283',01,04,2004,16980.0,4.6,19.3,0.855768,4.1,0.000,2.6,0.000
'283',02,04,2004,12870.0,6.7,18.2,0.966700,4.2,0.000,2.0,0.000
'283',03,04,2004,7670.0,10.3,15.8,1.096083,4.8,0.000,1.2,0.000
'283',04,04,2004,11600.0,6.4,13.3,0.878377,6.4,2.600,1.7,0.171
'283',05,04,2004,12450.0,3.6,11.1,0.848631,6.0,7.100,1.7,0.154
'283',06,04,2004,8110.0,3.7,8.7,0.816968,4.5,11.500,1.0,0.250
'283',07,04,2004,8570.0,3.3,8.2,0.795658,4.8,8.300,1.1,0.300
'283',08,04,2004,12130.0,2.5,8.6,0.749630,3.4,2.900,1.6,0.075
'283',09,04,2004,9520.0,0.6,10.8,0.762707,2.5,0.000,1.2,0.000
'283',10,04,2004,5950.0,-1.1,8.7,0.644606,3.0,0.200,0.7,0.029
'283',11,04,2004,11330.0,1.2,10.4,0.666648,2.0,0.000,1.5,0.000
'283',12,04,2004,11730.0,-1.2,11.2,0.742532,1.6,0.000,1.6,0.000
'283',13,04,2004,14490.0,2.2,12.9,0.819465,3.0,0.100,2.0,0.012
'283',14,04,2004,19220.0,-1.0,16.0,0.720265,1.5,0.000,2.6,0.000
'283',15,04,2004,20160.0,2.0,17.9,0.683199,2.2,0.000,3.0,0.000
'283',16,04,2004,20210.0,4.0,19.9,0.803432,2.2,0.000,3.2,0.000
'283',17,04,2004,18370.0,5.2,20.9,0.753732,2.8,0.000,3.0,0.000
'283',18,04,2004,12610.0,6.9,14.7,0.899375,5.4,0.400,1.9,0.088
'283',19,04,2004,13080.0,4.0,11.7,0.711578,3.4,0.000,1.8,0.000
'283',20,04,2004,19470.0,4.3,15.5,0.729626,2.1,0.000,2.8,0.000
'283',21,04,2004,14470.0,2.4,18.3,0.990017,2.6,0.000,2.2,0.000
'283',22,04,2004,11640.0,6.6,18.9,1.237018,2.4,4.200,1.8,0.175
'283',23,04,2004,20160.0,3.4,17.0,0.841243,3.3,0.000,3.0,0.000
'283',24,04,2004,16640.0,2.3,17.2,0.827845,2.4,0.000,2.5,0.000
'283',25,04,2004,21840.0,1.3,17.2,0.773722,2.0,0.000,3.2,0.000
'283',26,04,2004,16240.0,4.7,18.8,0.907188,2.1,0.000,2.5,0.000
'283',27,04,2004,22510.0,6.3,20.9,1.000088,3.7,0.000,3.7,0.000
'283',28,04,2004,15300.0,9.4,20.8,1.235322,3.5,8.100,2.5,0.163
'283',29,04,2004,13910.0,11.1,18.5,1.279844,3.4,0.500,2.3,0.042
'283',30,04,2004,21940.0,10.4,22.9,1.353074,4.3,0.000,3.7,0.000
'283',01,05,2004,12950.0,9.5,20.6,1.364270,3.3,3.000,2.1,0.138
'283',02,05,2004,5500.0,9.8,14.7,1.211132,2.9,0.000,0.9,0.000
'283',03,05,2004,15800.0,6.5,19.4,1.048781,2.4,7.900,2.5,0.188
'283',04,05,2004,13570.0,8.0,13.9,1.007290,3.7,0.800,2.0,0.138
'283',05,05,2004,18090.0,4.6,15.3,0.807241,3.2,0.000,2.7,0.000
'283',06,05,2004,12260.0,2.4,15.6,0.935432,1.7,0.900,1.8,0.146
'283',07,05,2004,2640.0,7.6,9.2,1.052611,3.8,28.800,0.4,0.829
'283',08,05,2004,9950.0,5.6,12.7,0.945003,3.0,0.000,1.4,0.000
'283',09,05,2004,15760.0,3.9,16.0,0.945226,1.1,1.500,2.4,0.117
'283',10,05,2004,19900.0,10.3,19.1,1.376748,2.1,0.100,3.2,0.025
'283',11,05,2004,15080.0,8.5,16.3,1.131374,3.8,0.000,2.3,0.000
'283',12,05,2004,8150.0,7.7,12.4,0.949325,3.7,0.000,1.2,0.000
'283',13,05,2004,6850.0,7.1,14.0,1.056753,3.5,0.900,1.0,0.050
'283',14,05,2004,14700.0,6.0,16.2,0.936888,1.8,0.000,2.2,0.000
'283',15,05,2004,17900.0,5.3,20.9,1.074673,3.8,0.000,2.8,0.000
'283',16,05,2004,17210.0,7.9,19.5,1.173476,2.9,0.000,2.8,0.000
'283',17,05,2004,22850.0,6.2,21.6,1.114366,1.4,0.000,3.8,0.000
'283',18,05,2004,24520.0,7.2,21.6,1.147810,2.5,0.000,4.0,0.000
'283',19,05,2004,25460.0,4.9,23.8,0.959480,3.9,0.000,4.2,0.000
'283',20,05,2004,16850.0,7.6,20.0,1.077914,2.9,0.000,2.7,0.000
'283',21,05,2004,15140.0,3.7,15.3,0.783529,4.3,0.400,2.2,0.037
'283',22,05,2004,19240.0,1.2,14.6,0.698710,4.3,0.100,2.7,0.004
'283',23,05,2004,23990.0,3.5,15.4,0.680020,4.3,0.500,3.5,0.054
'283',24,05,2004,21210.0,4.0,17.3,0.905575,2.9,0.000,3.2,0.000
'283',25,05,2004,11580.0,4.9,14.8,0.929511,2.7,0.700,1.7,0.058
'283',26,05,2004,17720.0,2.6,14.6,0.789313,2.8,0.000,2.5,0.000
'283',27,05,2004,14170.0,1.0,14.1,0.767548,2.2,0.000,2.0,0.000
'283',28,05,2004,27490.0,1.4,19.5,0.787951,1.4,0.000,4.2,0.000
'283',29,05,2004,28460.0,4.2,23.3,0.835198,2.0,0.000,4.8,0.000
'283',30,05,2004,21640.0,11.9,24.2,1.128760,2.9,1.600,3.8,0.142
'283',31,05,2004,7790.0,9.8,16.8,1.320741,2.0,21.000,1.2,0.425
'283',01,06,2004,24460.0,7.5,21.5,1.185139,1.5,0.000,4.1,0.000
'283',02,06,2004,9650.0,9.4,19.2,1.418191,3.1,5.300,1.5,0.129
'283',03,06,2004,20280.0,8.5,19.6,1.347729,2.7,0.000,3.3,0.000
'283',04,06,2004,7900.0,11.0,18.6,1.429633,3.0,2.600,1.3,0.150
'283',05,06,2004,9340.0,7.5,15.3,1.191246,3.1,0.400,1.5,0.008
'283',06,06,2004,16920.0,5.7,19.1,1.132330,1.0,0.000,2.7,0.000
'283',07,06,2004,26430.0,8.3,25.2,1.407511,1.7,0.000,4.7,0.000
'283',08,06,2004,25850.0,11.4,28.8,1.663917,1.5,0.000,4.8,0.000
'283',09,06,2004,22870.0,14.6,26.6,1.635115,3.1,0.000,4.3,0.000
'283',10,06,2004,14540.0,12.7,23.6,1.680927,2.1,0.700,2.6,0.054
'283',11,06,2004,21120.0,10.7,21.9,1.347285,4.2,0.000,3.6,0.000
'283',12,06,2004,14920.0,10.2,18.0,1.330084,3.0,8.900,2.4,0.179
'283',13,06,2004,11370.0,7.3,16.9,1.117270,2.8,0.000,1.8,0.000
'283',14,06,2004,18980.0,5.7,22.5,1.366425,3.0,0.000,3.2,0.000
'283',15,06,2004,19120.0,10.0,23.8,1.591839,4.1,0.000,3.3,0.000
'283',16,06,2004,19110.0,8.6,18.6,1.108501,3.1,0.000,3.1,0.000
'283',17,06,2004,11210.0,12.5,19.8,1.373861,4.8,0.300,1.9,0.021
'283',18,06,2004,10100.0,12.4,17.2,1.412704,2.7,1.100,1.6,0.096
'283',19,06,2004,21440.0,7.6,15.6,1.045276,3.2,2.500,3.3,0.054
'283',20,06,2004,20590.0,7.5,17.5,1.037283,3.4,0.900,3.2,0.062
'283',21,06,2004,16120.0,7.7,17.9,1.140327,2.6,0.800,2.5,0.025
'283',22,06,2004,18890.0,10.4,19.3,1.294567,2.5,1.400,3.1,0.058
'283',23,06,2004,12580.0,14.0,21.5,1.605596,6.5,8.300,2.2,0.312
'283',24,06,2004,18720.0,12.0,18.6,1.210198,8.4,2.100,3.1,0.121
'283',25,06,2004,9890.0,7.9,16.2,1.207377,4.9,5.000,1.5,0.242
'283',26,06,2004,21910.0,5.3,21.0,1.050237,1.5,0.000,3.6,0.000
'283',27,06,2004,18810.0,12.8,24.1,1.715433,3.3,1.500,3.3,0.117
'283',28,06,2004,22390.0,8.1,20.8,1.113435,4.0,0.000,3.7,0.000
'283',29,06,2004,18700.0,7.9,21.2,1.223656,3.3,0.000,3.1,0.000
'283',30,06,2004,19080.0,12.6,24.0,1.417132,2.5,0.000,3.4,0.000
'283',01,07,2004,15960.0,10.8,19.0,1.316497,3.8,3.500,2.6,0.067
'283',02,07,2004,19030.0,10.3,19.2,1.299432,4.0,2.400,3.1,0.054
'283',03,07,2004,19960.0,12.2,19.4,1.299953,5.5,5.900,3.3,0.067
'283',04,07,2004,13030.0,12.7,18.7,1.416621,3.6,0.100,2.2,0.025
'283',05,07,2004,18220.0,9.3,19.3,1.312876,2.1,6.300,3.0,0.246
'283',06,07,2004,27680.0,7.1,21.2,1.015469,1.4,0.000,4.6,0.000
'283',07,07,2004,22920.0,10.9,23.2,1.316089,4.3,3.600,4.0,0.092
'283',08,07,2004,12230.0,13.6,21.8,1.617343,2.4,3.800,2.1,0.050
'283',09,07,2004,10150.0,12.9,18.8,1.600581,3.1,17.200,1.7,0.300
'283',10,07,2004,16480.0,10.6,18.9,1.214067,3.5,1.100,2.7,0.042
'283',11,07,2004,14620.0,9.8,17.8,1.242051,3.6,0.700,2.4,0.021
'283',12,07,2004,7110.0,12.3,15.9,1.405585,3.5,8.700,1.1,0.308
'283',13,07,2004,15590.0,9.2,17.0,1.134059,3.6,0.000,2.5,0.000
'283',14,07,2004,12970.0,10.9,20.7,1.347014,4.0,5.300,2.2,0.183
'283',15,07,2004,8630.0,15.1,19.7,1.736146,3.3,0.100,1.5,0.008
'283',16,07,2004,12370.0,14.8,21.9,1.845064,2.8,0.100,2.2,0.008
'283',17,07,2004,21500.0,13.2,28.5,1.860195,2.3,17.900,4.0,0.096
'283',18,07,2004,13200.0,14.4,23.2,1.821564,1.8,4.400,2.4,0.079
'283',19,07,2004,21080.0,12.6,22.0,1.487588,2.4,0.000,3.6,0.000
'283',20,07,2004,6760.0,12.5,19.4,1.663682,2.0,13.600,1.1,0.204
'283',21,07,2004,18450.0,12.3,26.4,1.765008,1.4,1.500,3.2,0.079
'283',22,07,2004,21820.0,14.0,26.2,1.734684,1.1,0.000,3.9,0.000
'283',23,07,2004,19160.0,14.1,25.6,1.986626,3.2,0.100,3.5,0.012
'283',24,07,2004,23230.0,9.8,23.0,1.400433,1.9,0.000,4.1,0.000
'283',25,07,2004,8570.0,12.7,18.3,1.479970,2.6,2.700,1.4,0.192
'283',26,07,2004,19300.0,9.3,20.5,1.267228,2.6,2.000,3.2,0.037
'283',27,07,2004,23980.0,7.6,22.0,1.209368,1.1,0.000,4.0,0.000
'283',28,07,2004,22530.0,9.4,23.2,1.351603,1.8,0.000,3.9,0.000
'283',29,07,2004,25580.0,12.0,25.7,1.404705,2.7,0.000,4.6,0.000
'283',30,07,2004,23690.0,12.1,28.2,1.595484,1.7,0.200,4.4,0.008
'283',31,07,2004,21580.0,13.1,26.5,1.629091,1.8,0.000,4.0,0.000
'283',01,08,2004,20840.0,13.5,24.4,1.667609,2.3,0.000,3.7,0.000
'283',02,08,2004,23730.0,11.8,26.6,1.573209,1.8,0.000,4.3,0.000
'283',03,08,2004,23770.0,12.5,28.1,1.610962,1.8,0.000,4.4,0.000
'283',04,08,2004,21740.0,15.9,28.3,1.886531,2.5,0.000,4.1,0.000
'283',05,08,2004,18320.0,16.2,31.4,1.752651,2.1,0.000,3.5,0.000
'283',06,08,2004,22230.0,15.4,33.3,1.708837,1.6,0.000,4.3,0.000
'283',07,08,2004,17430.0,15.6,30.0,2.107801,1.6,0.000,3.3,0.000
'283',08,08,2004,23520.0,13.8,31.4,1.561023,3.6,0.000,4.6,0.000
'283',09,08,2004,23160.0,17.1,32.3,1.524523,4.6,0.000,4.6,0.000
'283',10,08,2004,14730.0,17.3,30.0,1.773872,3.8,1.800,2.8,0.154
'283',11,08,2004,13650.0,14.5,25.4,1.790566,2.2,22.100,2.5,0.217
'283',12,08,2004,11490.0,13.7,27.5,1.895772,2.7,22.200,2.1,0.188
'283',13,08,2004,9380.0,15.3,20.6,1.862355,3.9,8.000,1.6,0.279
'283',14,08,2004,17890.0,15.9,24.3,1.912073,3.1,0.200,3.2,0.025
'283',15,08,2004,13530.0,15.8,23.9,1.808095,2.0,0.000,2.4,0.000
'283',16,08,2004,8230.0,14.8,22.6,1.834234,2.1,0.900,1.5,0.058
'283',17,08,2004,16580.0,14.8,24.3,1.827484,2.3,0.000,3.0,0.000
'283',18,08,2004,17840.0,16.6,27.0,1.941806,3.6,25.000,3.3,0.121
'283',19,08,2004,14750.0,15.9,23.0,1.686969,5.2,0.300,2.6,0.021
'283',20,08,2004,12560.0,14.0,21.2,1.573002,3.4,3.500,2.2,0.096
'283',21,08,2004,7140.0,8.4,17.8,1.304466,2.7,1.500,1.1,0.071
'283',22,08,2004,14670.0,8.1,20.4,1.217739,2.0,0.000,2.4,0.000
'283',23,08,2004,12510.0,9.6,23.1,1.506545,2.8,0.000,2.1,0.000
'283',24,08,2004,13350.0,13.8,22.2,1.683161,3.3,3.900,2.3,0.100
'283',25,08,2004,9230.0,13.9,19.4,1.682703,3.9,5.000,1.5,0.088
'283',26,08,2004,12770.0,10.9,20.3,1.525719,3.9,4.100,2.1,0.096
'283',27,08,2004,3520.0,13.6,16.0,1.546380,4.1,9.400,0.6,0.354
'283',28,08,2004,16310.0,9.3,21.0,1.344305,1.8,1.100,2.7,0.029
'283',29,08,2004,14450.0,8.5,20.2,1.312491,2.8,1.100,2.4,0.029
'283',30,08,2004,9500.0,12.3,18.1,1.396078,4.6,5.300,1.5,0.192
'283',31,08,2004,11580.0,9.9,18.3,1.348751,4.0,9.000,1.9,0.088
'283',01,09,2004,15580.0,9.1,20.2,1.329705,1.7,0.000,2.5,0.000
'283',02,09,2004,18640.0,8.0,22.4,1.276018,2.3,0.000,3.1,0.000
'283',03,09,2004,17560.0,9.4,25.4,1.524602,1.5,0.000,3.1,0.000
'283',04,09,2004,15550.0,12.3,26.9,1.725452,1.3,0.000,2.8,0.000
'283',05,09,2004,17310.0,13.6,26.8,1.694956,1.8,0.000,3.2,0.000
'283',06,09,2004,18960.0,10.9,26.0,1.553076,2.7,0.000,3.4,0.000
'283',07,09,2004,16630.0,11.4,24.7,1.687365,3.5,0.000,2.9,0.000
'283',08,09,2004,17490.0,7.6,21.7,1.326696,2.5,0.000,2.9,0.000
'283',09,09,2004,17950.0,8.4,22.3,1.175366,3.5,0.000,3.0,0.000
'283',10,09,2004,17600.0,6.7,25.9,1.139399,3.1,0.000,3.1,0.000
'283',11,09,2004,10670.0,14.4,22.4,1.678992,3.5,1.400,1.9,0.062
'283',12,09,2004,16430.0,12.3,19.0,1.214039,5.8,0.000,2.7,0.000
'283',13,09,2004,10210.0,12.0,20.2,1.414134,4.9,5.100,1.7,0.146
'283',14,09,2004,14200.0,11.1,19.5,1.291699,5.3,0.000,2.3,0.000
'283',15,09,2004,8630.0,7.3,16.6,1.233553,3.7,1.700,1.3,0.096
'283',16,09,2004,14590.0,5.3,17.6,0.988789,1.8,0.000,2.2,0.000
'283',17,09,2004,15080.0,8.0,19.7,1.079500,2.5,0.000,2.4,0.000
'283',18,09,2004,14140.0,11.6,23.0,1.267699,3.5,1.700,2.4,0.104
'283',19,09,2004,14030.0,9.2,19.0,1.218427,2.9,5.800,2.3,0.125
'283',20,09,2004,3050.0,10.3,15.1,1.259856,5.5,12.200,0.5,0.233
'283',21,09,2004,9900.0,9.9,16.5,1.171171,6.0,4.800,1.5,0.183
'283',22,09,2004,4090.0,9.5,13.2,1.234352,4.3,6.500,0.6,0.350
'283',23,09,2004,5400.0,9.9,15.0,1.268865,4.0,8.300,0.8,0.383
'283',24,09,2004,9470.0,7.6,15.6,1.206365,3.9,6.100,1.4,0.179
'283',25,09,2004,6820.0,10.2,14.6,1.172780,3.3,1.000,1.0,0.125
'283',26,09,2004,9390.0,8.0,17.9,1.264506,2.6,0.000,1.5,0.000
'283',27,09,2004,8580.0,10.3,19.0,1.400244,2.8,1.500,1.4,0.150
'283',28,09,2004,4810.0,11.3,18.3,1.514680,3.7,3.600,0.8,0.092
'283',29,09,2004,8300.0,7.1,15.6,1.114613,3.8,1.400,1.3,0.075
'283',30,09,2004,9770.0,7.1,16.1,1.130663,1.8,1.200,1.5,0.050
'283',01,10,2004,5220.0,10.7,16.6,1.439838,2.1,0.100,0.8,0.017
'283',02,10,2004,9060.0,10.8,16.5,1.200790,3.2,1.900,1.4,0.054
'283',03,10,2004,9360.0,9.0,17.1,1.241604,3.0,0.000,1.5,0.000
'283',04,10,2004,7910.0,11.6,20.4,1.539020,3.3,0.000,1.3,0.000
'283',05,10,2004,3300.0,12.1,18.5,1.604016,3.0,0.100,0.5,0.012
'283',06,10,2004,9030.0,8.9,16.5,1.226825,4.0,0.700,1.4,0.012
'283',07,10,2004,9470.0,5.6,15.7,1.038672,4.0,0.000,1.4,0.000
'283',08,10,2004,8460.0,3.1,15.3,0.951491,1.2,0.000,1.2,0.000
'283',09,10,2004,11380.0,1.2,15.3,0.854693,1.4,0.000,1.6,0.000
'283',10,10,2004,11610.0,5.1,12.8,0.882696,3.9,0.000,1.6,0.000
'283',11,10,2004,11700.0,3.2,11.8,0.744963,6.2,0.000,1.6,0.000
'283',12,10,2004,11080.0,4.1,11.6,0.778350,5.3,0.000,1.5,0.000
'283',13,10,2004,8800.0,3.4,15.9,1.007769,2.8,0.000,1.3,0.000
'283',14,10,2004,7180.0,8.8,15.6,1.134939,3.9,0.100,1.1,0.025
'283',15,10,2004,7730.0,7.5,14.0,0.987604,2.7,4.700,1.1,0.158
'283',16,10,2004,3000.0,6.1,9.6,0.956221,2.7,0.700,0.4,0.083
'283',17,10,2004,2360.0,7.2,9.9,1.028288,3.2,1.500,0.3,0.079
'283',18,10,2004,4200.0,5.5,11.8,1.012498,3.8,1.200,0.6,0.088
'283',19,10,2004,9180.0,3.1,14.2,0.964590,2.9,0.000,1.3,0.000
'283',20,10,2004,1690.0,7.1,16.7,1.345367,4.3,9.900,0.3,0.217
'283',21,10,2004,8970.0,10.7,17.2,1.239190,6.5,3.300,1.4,0.079
'283',22,10,2004,8640.0,10.3,16.3,1.181426,4.8,0.000,1.4,0.000
'283',23,10,2004,1660.0,13.2,18.1,1.496881,5.3,2.000,0.3,0.150
'283',24,10,2004,3310.0,15.4,18.4,1.595320,3.7,0.000,0.6,0.000
'283',25,10,2004,4830.0,10.3,16.5,1.167587,5.8,0.000,0.8,0.000
'283',26,10,2004,6930.0,2.5,13.1,0.867035,2.4,0.000,1.0,0.000
'283',27,10,2004,5490.0,-0.1,11.9,0.839621,3.6,0.000,0.7,0.000
'283',28,10,2004,4240.0,7.9,15.3,1.240226,3.3,1.200,0.6,0.158
'283',29,10,2004,3560.0,6.4,16.4,1.249940,1.7,5.700,0.5,0.092
'283',30,10,2004,2230.0,8.1,11.9,1.215820,1.5,0.000,0.3,0.000
'283',31,10,2004,2350.0,2.8,12.0,0.976641,2.3,0.000,0.3,0.000
'283',01,11,2004,3110.0,2.7,9.7,0.876359,3.2,0.000,0.4,0.000
'283',02,11,2004,1590.0,6.6,10.1,1.016650,3.5,0.300,0.2,0.054
'283',03,11,2004,4200.0,6.7,14.5,1.184215,1.5,0.000,0.6,0.000
'283',04,11,2004,3440.0,5.1,12.1,1.056027,2.6,0.000,0.5,0.000
'283',05,11,2004,4350.0,4.7,11.7,0.942753,3.6,0.300,0.6,0.021
'283',06,11,2004,2900.0,5.1,11.4,1.016817,2.5,6.000,0.4,0.188
'283',07,11,2004,5600.0,2.4,11.6,0.844347,1.8,0.000,0.8,0.000
'283',08,11,2004,2920.0,1.7,9.9,0.817570,1.4,0.000,0.4,0.000
'283',09,11,2004,4010.0,-1.1,4.5,0.641183,3.1,3.900,0.5,0.138
'283',10,11,2004,1270.0,3.7,7.2,0.861365,2.6,13.700,0.2,0.371
'283',11,11,2004,4190.0,-1.9,6.2,0.640177,1.6,0.000,0.5,0.000
'283',12,11,2004,3840.0,-2.3,8.6,0.727216,3.9,1.600,0.5,0.133
'283',13,11,2004,4890.0,1.4,8.2,0.728122,3.6,1.200,0.6,0.062
'283',14,11,2004,5100.0,1.0,8.7,0.735696,1.8,0.200,0.6,0.012
'283',15,11,2004,560.0,1.2,6.9,0.802418,3.5,0.100,0.1,0.008
'283',16,11,2004,1010.0,6.7,10.5,1.081122,4.9,0.600,0.1,0.163
'283',17,11,2004,470.0,9.4,11.8,1.227471,7.8,5.100,0.1,0.346
'283',18,11,2004,1300.0,1.6,11.2,0.834841,5.0,17.500,0.2,0.500
'283',19,11,2004,3650.0,0.5,6.2,0.700689,4.9,6.900,0.4,0.375
'283',20,11,2004,2340.0,0.1,3.4,0.667044,3.9,2.800,0.3,0.100
'283',21,11,2004,4070.0,-1.1,3.7,0.644092,2.9,1.100,0.4,0.133
'283',22,11,2004,1320.0,3.7,12.3,1.006108,5.8,1.800,0.2,0.204
'283',23,11,2004,2410.0,-0.9,10.5,0.787504,3.0,2.900,0.3,0.096
'283',24,11,2004,4490.0,-2.7,6.5,0.593983,1.3,0.000,0.5,0.000
'283',25,11,2004,5070.0,-4.7,5.7,0.490194,1.1,0.000,0.5,0.000
'283',26,11,2004,1030.0,-1.6,6.1,0.681213,4.2,1.400,0.1,0.096
'283',27,11,2004,2210.0,6.0,9.3,0.959600,3.0,0.800,0.3,0.067
'283',28,11,2004,840.0,6.4,8.2,0.981528,2.7,6.400,0.1,0.537
'283',29,11,2004,1390.0,5.1,7.9,0.929332,0.8,0.000,0.2,0.000
'283',30,11,2004,2230.0,2.0,6.3,0.758572,2.8,0.000,0.3,0.000
'283',01,12,2004,320.0,0.4,3.5,0.663767,1.6,4.700,0.0,0.146
'283',02,12,2004,2020.0,-0.4,4.5,0.692518,1.5,0.000,0.2,0.000
'283',03,12,2004,1600.0,1.7,6.0,0.784819,1.8,0.400,0.2,0.017
'283',04,12,2004,1120.0,0.9,3.6,0.693643,2.8,0.300,0.1,0.025
'283',05,12,2004,570.0,3.3,7.5,0.900232,3.0,0.000,0.1,0.000
'283',06,12,2004,980.0,5.6,7.9,0.955541,3.0,0.000,0.1,0.000
'283',07,12,2004,820.0,4.1,6.9,0.872176,2.3,0.000,0.1,0.000
'283',08,12,2004,2680.0,-0.4,7.1,0.740477,1.7,0.000,0.3,0.000
'283',09,12,2004,2900.0,-4.0,1.2,0.536936,2.8,0.000,0.3,0.000
'283',10,12,2004,4320.0,-5.7,2.9,0.496854,1.7,0.000,0.4,0.000
'283',11,12,2004,590.0,-0.6,1.8,0.640121,1.3,0.000,0.1,0.000
'283',12,12,2004,860.0,1.6,3.9,0.694134,3.0,0.000,0.1,0.000
'283',13,12,2004,530.0,-1.8,2.5,0.567013,2.1,0.000,0.1,0.000
'283',14,12,2004,1320.0,-3.0,2.7,0.563780,2.8,0.000,0.1,0.000
'283',15,12,2004,2210.0,0.7,5.6,0.610730,4.3,0.000,0.3,0.000
'283',16,12,2004,2750.0,1.5,7.1,0.715150,5.5,2.900,0.3,0.154
'283',17,12,2004,1180.0,3.9,6.9,0.831627,5.1,7.000,0.2,0.333
'283',18,12,2004,1530.0,0.4,5.4,0.651648,4.7,7.100,0.2,0.154
'283',19,12,2004,3540.0,-4.3,3.7,0.532587,1.9,0.000,0.4,0.000
'283',20,12,2004,4290.0,-5.0,1.9,0.485222,1.8,0.000,0.4,0.000
'283',21,12,2004,3920.0,-4.8,-0.2,0.380781,2.3,0.000,0.4,0.000
'283',22,12,2004,420.0,-1.3,3.7,0.608129,6.2,3.300,0.0,0.288
'283',23,12,2004,530.0,3.6,10.3,0.908999,7.0,1.500,0.1,0.163
'283',24,12,2004,2500.0,6.3,9.8,0.865432,7.3,11.200,0.4,0.196
'283',25,12,2004,2480.0,-0.7,8.3,0.732958,4.2,4.300,0.3,0.129
'283',26,12,2004,1370.0,-3.2,0.3,0.543951,1.5,0.000,0.1,0.000
'283',27,12,2004,830.0,-5.6,-1.3,0.467763,1.7,0.000,0.1,0.000
'283',28,12,2004,950.0,-1.5,2.9,0.619732,5.0,4.600,0.1,0.317
'283',29,12,2004,3720.0,-0.1,4.4,0.646546,2.8,1.800,0.4,0.054
'283',30,12,2004,400.0,2.9,7.4,0.792247,4.9,0.300,0.1,0.067
'283',31,12,2004,550.0,6.6,9.6,1.019304,4.7,1.200,0.1,0.175
